cp(J/gK),T(K),X
0.21838987527543777,175.12739399999998,0.3289397490890575
0.29084726127326116,175.1759555,0.3288536360119216
0.19137757781249115,175.22504650000002,0.32876658857685576
0.4376074706883282,175.273825,0.32868009975065304
0.3306861281208733,175.322539,0.3285937296691555
0.559300607327893,175.371264,0.3285073443787044
0.5080501778486618,175.419829,0.3284212469441015
0.6364349833695443,175.4687145,0.32833458545721816
0.6497151713004437,175.517607,0.3282479156301104
0.8437633918548324,175.566378,0.3281614651508792
0.8389972825009606,175.61526350000003,0.32807481560529345
1.090504385918211,175.664118,0.3279882248176268
1.189763645537311,175.712641,0.32790222527509494
1.3194488064061145,175.761519,0.32781560018113515
1.5065794397001482,175.810519,0.327728762444008
1.7366699493753923,175.85952600000002,0.32764191579612384
2.0584453754742893,175.90832699999999,0.32755543759552036
2.3780270259240965,175.9568805,0.32746940125283586
2.5687377831922005,176.00585,0.3273826309861002
3.126705486373534,176.05483850000002,0.32729583020874886
3.492232934671621,176.10361699999999,0.32720940457519576
4.061033101720235,176.1524565,0.32712287383136096
4.672243849758309,176.20105949999999,0.327036764970966
5.360015219985212,176.24946799999998,0.32695100346449074
5.839508596653517,176.2981705,0.32686472380234016
6.6312526094998905,176.3472085,0.32677785243453705
7.404365131544261,176.396113,0.32669122013361446
8.159482812311273,176.4450745,0.3266044893479773
9.08389665980964,176.4939025,0.32651799744285287
9.79863464532264,176.54273849999998,0.32643149367986185
10.980575083617465,176.59134899999998,0.32634539156378917
11.30109045289597,176.6404135,0.3262584874532445
12.949470242382203,176.689364,0.32617178734269825
13.501875824738004,176.737872,0.32608587294859287
14.861952090912968,176.7865205,0.32599971159849606
15.393455897996605,176.835337,0.3259132545246192
16.941197121931367,176.884146,0.3258268124767185
17.685814984675964,176.932726,0.3257407776446198
18.955451165355775,176.98145899999997,0.3256544734251959
19.835669917932204,177.03015749999997,0.3255682317994476
21.04053668797126,177.07894,0.3254818428344622
21.999714820560406,177.12771099999998,0.32539547557447296
23.350606503657644,177.1763365,0.3253093672306112
24.321310024605722,177.224802,0.3252235433897425
25.142003068527814,177.273516,0.32513728059476416
26.241591157959576,177.32232499999998,0.3250508505958535
27.46423954840375,177.3708975,0.32496484032331896
28.25152495985997,177.41944,0.32487888402904425
29.172037141093494,177.468146,0.32479263899924743
30.59559104778697,177.5165655,0.3247069019803456
30.796399560567753,177.565138,0.32462089466344407
32.001126117352726,177.6139775,0.3245344151182876
33.080954603136774,177.66249299999998,0.32444850974295053
33.815710288445956,177.7109515,0.3243627056833049
34.624079179979454,177.759501,0.3242767408031906
35.62051815997422,177.80794,0.3241909718144094
36.13663453079317,177.856402,0.32410516225646696
37.353889395442444,177.904753,0.3240195493205887
37.54987793271297,177.953131,0.3239338885800216
38.8582699436988,178.0014595,0.32384831541396036
39.05856855177992,178.0496925,0.3237629111974563
39.83642277350293,178.0980935,0.32367720928571514
40.15668355970437,178.146567,0.32359137869950505
40.62381504402241,178.195254,0.3235051696949727
41.797384868849534,178.2436585,0.3234194604531891
41.7051673549609,178.292063,0.3233337506831959
42.0916341057853,178.340872,0.3232473240542302
43.623509349543966,178.3892465,0.3231616661174982
43.56255494311633,178.4374225,0.3230763589204525
44.51812720554571,178.4856935,0.32299088267867004
44.33484163401874,178.53412500000002,0.3229051213261061
45.46156461851411,178.5826515,0.32281919076615234
45.5425492948378,178.63114,0.32273332643772235
46.94631516866806,178.6794765,0.322647730145564
46.3860251426966,178.7279385,0.3225619104072003
47.89059410479887,178.77646499999997,0.32247597516341453
48.10961441870597,178.8246785,0.3223905928620378
48.52248978881302,178.873045,0.3223049381864439
48.59712954910677,178.921572,0.32221899776611446
48.6070941814039,178.970381,0.3221325563306089
50.27363534606373,179.01871699999998,0.3220469509305298
50.09803711213142,179.06658,0.3219621815415378
49.542661291448496,179.114878,0.321876639948519
49.48705352256739,179.163489,0.3217905421125982
49.97796727923716,179.21184399999999,0.32170489574637773
49.32606452061308,179.2600885,0.3216194430890807
49.058135018040545,179.3084245,0.3215338262779205
48.249617876996545,179.35677950000002,0.32144817365064093
47.87658718381646,179.405024,0.3213627145276009
46.11469601271116,179.45338650000002,0.32127704407596414
45.11404066711906,179.5019325,0.3211910461723657
43.828014114657364,179.5502155,0.32110551171212687
41.650746030786514,179.5985895,0.32101981351614406
41.17075388928654,179.64651700000002,0.3209349037624319
38.11270440702014,179.6944755,0.32084993646028964
36.51229969801377,179.7430865,0.3207638103790852
35.17770114408313,179.791499,0.3206780331585557
34.02919191402814,179.8395145,0.3205929564810748
31.488063167873992,179.8879725,0.32050709279494927
30.549569791771138,179.936812,0.3204205500377951
29.24044382978496,179.9853385,0.3203345587718341
28.465932141555594,180.0335145,0.3202491854408554
26.595218790499587,180.08182399999998,0.3201635722915581
25.66343495898519,180.1304725,0.3200773550204835
24.772198920742944,180.17880100000002,0.3199917014657339
23.52504964006307,180.2271295,0.31990604444682397
22.31962296635958,180.2758355,0.31981971477256305
21.257384768038417,180.324866,0.31973280623194056
20.970131865470545,180.373469,0.3196466517135885
19.96021256767633,180.4216445,0.31956125124397344
18.84915364427825,180.470255,0.3194750758006244
18.138680967321104,180.5191025,0.3193884762396982
17.310509414784537,180.56799949999998,0.3193017848630248
16.86716308673793,180.6167285,0.3192153872262226
15.800270398729369,180.6656255,0.3191286875201012
15.339412048214498,180.71477750000003,0.31904153135531477
15.097262830910454,180.76327750000002,0.3189555270006194
14.037615327643849,180.811919,0.31886926734947035
13.677049535328031,180.8609185,0.31878236832526596
13.155027524944785,180.90967,0.31869590456125935
12.56179535542507,180.95852100000002,0.3186092596927935
11.96872211937406,181.007666,0.3185220886138946
11.95859002092989,181.0563455,0.3184357384417946
11.029958127452916,181.10508199999998,0.3183492823269857
10.849320401606391,181.154196,0.318262151580388
10.353277748261062,181.2031155,0.3181753608583044
10.024244760943443,181.252081,0.3180884834264153
9.661623614263096,181.300955,0.3180017631794635
9.126426311566743,181.350161,0.3179144485627066
9.065163102947963,181.3992485,0.3178273388673434
8.492545248090162,181.4483285,0.3177402370620887
8.398526122387562,181.497458,0.3176530419091152
8.138890559932012,181.5461755,0.3175665724680494
7.717006953380117,181.595103,0.31747972470334623
7.374235996261807,181.6444495,0.3173921274520446
7.3148386581409,181.6935905,0.3173048891820688
6.925446051588199,181.74264399999998,0.3172178003909107
6.797047095553915,181.791762,0.31713059115123404
6.589450457861287,181.8406625,0.3170437621105583
6.26065045720814,181.8898455,0.3169564253705597
6.111584695539263,181.9391545,0.3168688586867491
5.971199849721439,181.9882,0.31678175371580936
5.717224312645127,182.03731,0.3166945278936696
5.499703034527348,182.0866835,0.31660682763341713
5.533916329005791,182.135676,0.3165197976859044
5.255765598080249,182.1845,0.31643306060378223
5.0580557514108495,182.233675,0.31634569337336005
4.921352079444781,182.282965,0.31625811511942803
4.874258922418017,182.3320185,0.3161709503377602
4.741905092195655,182.38079299999998,0.3160842745823621
4.4928242692657605,182.429892,0.3159970153094018
4.523416758256825,182.478972,0.31590978285459087
4.2053639160151866,182.528166,0.3158223407373499
4.18287143034439,182.5776005,0.3157344639549361
4.077402100477575,182.6268255,0.31564695236595686
4.075175899014099,182.6758025,0.31555987444354594
3.936811782372303,182.7246725,0.3154729795059039
3.7945996931711097,182.7737985,0.3153856220037408
3.7452579931187504,182.8228975,0.315298305053631
3.528635191881413,182.8722745,0.31521048611797103
3.6339685169502722,182.92154499999998,0.31512284893283954
3.4837232566143563,182.97049149999998,0.3150357803927631
3.3395924981137446,183.019831,0.3149480049728649
3.379984112811749,183.06904450000002,0.3148604458432994
3.2091753629291278,183.118258,0.3147728787866802
3.2664101313332914,183.167414,0.314685406056336
3.161600530150708,183.21636,0.31459829901858
3.1115060752000674,183.26545149999998,0.31451092495013633
2.986676985640393,183.314715,0.31442323653521753
3.0515784914247464,183.363795,0.31433586649059675
2.9638151483418507,183.412646,0.3142488958463609
2.8725354917658095,183.461745,0.31416147531165695
2.7429699960783873,183.51120600000002,0.3140734016812873
2.7864172735438952,183.56065949999999,0.31398533274730717
2.8154210828046047,183.60963650000002,0.3138981037803235
2.637123385004593,183.6588195,0.3138104992346157
2.6953733871136234,183.7081855,0.31372255990240155
2.5868250682223333,183.757456,0.31363478180096954
2.660513141944752,183.806574,0.313547266474424
2.6315053515727764,183.855303,0.31346043538006524
2.3667155285152766,183.904772,0.3133722765644248
2.4681048443561466,183.954596,0.3132834757598951
2.5464349513487305,184.0036495,0.3131960389780251
2.4913099122276976,184.0524545,0.31310903598124007
2.3183354246726036,184.101763,0.31302112606185184
2.478837973182016,184.1510035,0.31293332792620054
2.37547877558656,184.199866,0.31284619437641265
2.3504055565411153,184.24900300000002,0.31275856180773703
2.303869807959434,184.2982735,0.3126706814942783
2.233822973832114,184.34770400000002,0.3125825060115293
2.4043157411234968,184.39671149999998,0.3124950753378204
2.1921438686573205,184.4457575,0.31240756618892246
2.2246308613828196,184.495276,0.3123192039855135
2.2603985912792193,184.544432,0.31223147862042866
2.1526453868154376,184.5936875,0.3121435656027408
2.205618497053513,184.64306499999998,0.3120554246339545
2.1811006680404437,184.6922785,0.3119675661781055
2.156384407219165,184.7414955,0.3118796911845109
2.160185585969579,184.790686,0.31179185315319813
2.1748468385033295,184.83977,0.31170419490911894
2.1466002144756433,184.888804,0.3116166155292126
1.998315941304878,184.93837200000002,0.31152807170744024
2.0251985243113793,184.9882185,0.3114390195098235
2.0629541268265728,185.03776,0.3113505013117429
2.1219182704602644,185.0869545,0.31126259229937975
2.0832602047133673,185.1359695,0.31117499325828174
2.074091198335229,185.185034,0.3110872948950005
2.0072750675996565,185.2343925,0.31099906000267297
1.9926670831212654,185.2839725,0.31091041793958935
2.1690523887892237,185.3329225,0.3108228911353855
1.9875413518034608,185.38183049999998,0.3107354283536075
2.0834866791150475,185.4309675,0.3106475448279285
1.9117854759946191,185.48030699999998,0.3105592877357444
2.0096058024656354,185.529841,0.3104706711778493
2.040357394329016,185.578898,0.3103828964987231
2.0382777269866152,185.627768,0.3102954449817656
1.896091786057191,185.6770955,0.3102071631464485
1.9807408582313641,185.72666400000003,0.3101184381451556
1.9676226892715372,185.77595000000002,0.3100302069588576
1.9563858308449311,185.8252245,0.30994198448157634
2.038304543902272,185.8742395,0.30985421476726777
1.8742145735899425,185.9235405,0.30976592092496735
2.0303447522638085,185.97286100000002,0.30967758005073687
1.9074018684277987,186.021994,0.30958956290586376
1.9272153674999875,186.071497,0.3095008706427176
2.0197688163938685,186.12062650000001,0.309412835286981
1.8441201868345853,186.1699355,0.30932446591757334
1.9325374331141147,186.219542,0.30923555080869336
2.000387523360489,186.26856850000001,0.30914766283534095
1.8933539966630595,186.317679,0.3090596117882343
1.9771716464275964,186.366904,0.30897134283733596
1.9671291669110047,186.415873,0.3088835203378775
1.8731073185262608,186.46525,0.30879495332264
1.8594769102952398,186.514952,0.30870579031012435
2.030294069828975,186.564093,0.30861762076379534
1.8668778416875367,186.61319550000002,0.3085295073720785
2.003704228487664,186.6623175,0.3084413459927258
1.9567148751415786,186.71119149999998,0.30835361674076356
1.9433935466199965,186.7602445,0.3082655531054713
1.9287665994435055,186.8093245,0.3081774278165792
1.898822901082524,186.858618,0.3080889058378046
1.8551088241072873,186.908167,0.3079999114828089
1.7923037392925543,186.95804049999998,0.30791032051043277
2.090800250821459,187.00707849999998,0.3078222168433138
1.807401005300997,187.0560365,0.3077342434280001
1.8970224879801285,187.1056125,0.3076451457231447
1.861572186502723,187.155009,0.3075563567368969
1.944567136420673,187.204264,0.3074678082294395
1.8884906629910758,187.2533745,0.30737950564443434
1.8756152812594993,187.302714,0.30729077730805215
1.9942578899921568,187.3517405,0.30720259787690635
1.8920917980703094,187.4006905,0.3071145420770718
1.8865840395530713,187.4499645,0.30702588927584157
1.8455787315455994,187.499365,0.30693699454597084
1.8797547715862493,187.5488,0.306848023297467
1.9057251368897663,187.59804400000002,0.30675938137446135
1.949958158393317,187.64694450000002,0.3066713434499804
1.8292161586558822,187.6961235,0.3065827896661911
1.8445335185460798,187.7457185,0.30649347205615834
1.894534391754318,187.7950845,0.3064045520714489
1.901978297012596,187.8442635,0.306315954175988
1.900913501543981,187.8933055,0.3062275883683841
1.818422359625605,187.94266399999998,0.30613863736302394
1.8113077555018142,187.99237699999998,0.30604903230159086
1.9404269108770176,188.041598,0.30596029894760773
1.908973209754305,188.090544,0.30587204638521825
1.8116412794459211,188.13993299999998,0.3057829798698336
1.8847350476616138,188.1893565,0.3056938357853074
1.9086104928260696,188.238417,0.3056053311761207
1.8608930608502725,188.2876115,0.30551656949626094
1.8246357795388422,188.337149,0.30542717335205866
1.9022854096335726,188.3865185,0.3053380647483128
1.9504915525861286,188.43540050000001,0.3052498206012313
1.8568072126940904,188.4844425,0.3051612720980934
1.9079570930930796,188.533732,0.30507226098794343
1.769681970701361,188.5833955,0.30498255845637867
1.897716249578004,188.6330325,0.30489288764863226
1.8849752907720614,188.6822115,0.30480402824760877
1.9851066693615298,188.73119200000002,0.30471551162319843
1.895109177725038,188.780146,0.3046270269801847
1.839894027361282,188.82952749999998,0.30453775344440875
1.8690066043509197,188.87904600000002,0.3044482158420361
1.9308286285489011,188.9282135,0.30435929659270455
1.9122623116452184,188.97716400000002,0.30427075356994027
1.907545483078631,189.0262325,0.3041819807958724
1.9399617981889532,189.075274,0.3040932404835876
1.797796355748895,189.1246705,0.3040038411707961
1.8395430719374328,189.1743685,0.30391387927890023
1.925306248774591,189.223639,0.30382467441560485
1.8605098515937222,189.27281799999997,0.3037356184431108
1.9578392644631246,189.32185199999998,0.3036468082928232
1.8351231073341374,189.3710195,0.3035577394825138
1.981083207288143,189.4200765,0.30346885394565215
1.860409002102731,189.4690155,0.30338016531961637
1.8225301589798646,189.518542,0.30329039476255515
1.8993213116707772,189.56787350000002,0.3032009603390056
1.8923661242503975,189.6169645,0.3031119446953398
1.8894060216658515,189.66612049999998,0.3030227938969562
1.870796877253721,189.71540249999998,0.3029333971407788
1.8624823317825898,189.764738,0.30284388577418164
1.9686152706293232,189.813715,0.30275500739740613
1.722477785572739,189.863226,0.3026651422287312
2.011274102254708,189.91255,0.3025755986645713
1.848023203624693,189.961451,0.30248680540203265
1.9143680821731168,190.01072950000002,0.30239730886637156
1.8226114766556447,190.06003800000002,0.30230773987303633
1.9271798661343686,190.109297,0.3022182427734751
1.712025696825561,190.15894550000002,0.3021280197034452
2.0133423906236687,190.208304,0.30203830534838194
1.8907004488951042,190.257086,0.30194962086164046
1.9216260433420564,190.30613899999997,0.3018604256076992
1.8460862943967655,190.355341,0.30177094112118397
1.871933951502632,190.4048215,0.30168093156763504
1.9307248807672754,190.45401199999998,0.3015914310357134
1.8898846649528511,190.503035,0.3015022168277178
1.9252878893731327,190.5521035,0.3014129013152509
1.8666681169183572,190.60130900000001,0.3013233177739525
1.8266495255064097,190.6508355,0.3012331308803168
1.9959431064226159,190.69996500000002,0.30114364807206095
1.8259089782303821,190.749144,0.30105405623779696
1.8457959022211408,190.7988075,0.3009635625356546
1.9148592419696187,190.848166,0.3008736053664556
1.8968951519335666,190.89741,0.3007838377117578
2.005182944046969,190.9463485,0.30069460792235375
1.8885446628018998,190.9952605,0.3006054074195353
1.8710032519631463,191.0446645,0.300515290274238
1.9532853064842435,191.0938705,0.3004255148612711
1.9104201904311542,191.1429925,0.30033587328543365
1.7971624925620704,191.1926065,0.3002453141028776
1.8606841307891775,191.24238450000001,0.3001544355371649
1.9004768495069961,191.291861,0.30006408745090324
1.9889044619730922,191.3408265,0.2999746528260991
1.856724912175295,191.3899445,0.2998849199363565
1.9109492942953346,191.4393905,0.29979456780129005
1.9249423553324556,191.4886535,0.2997045300055334
1.8905660442615604,191.537974,0.2996143669926534
1.9427294926750744,191.5872485,0.2995242678923867
1.8939181801000113,191.63654200000002,0.29943411379585294
1.9608416498499728,191.6857745,0.29934405097096023
1.9569665417303659,191.73480849999999,0.29925433104033144
1.9040426599517102,191.7840335,0.2991642412495761
1.9382253832441247,191.83326599999998,0.2990741172384706
1.9686110868408324,191.8823,0.29898433615406883
1.8291044759445896,191.931803,0.2988936755640766
1.882616054577998,191.98154649999998,0.29880255342546647
1.9834757807606935,192.0307335,0.29871242984247326
1.9720585964210704,192.079592,0.2986228875482925
1.9255284990604369,192.128645,0.29853296806167273
1.886505371472493,192.178034,0.298442411588125
1.9408817243636616,192.227366,0.29835193845577723
1.9217309452455775,192.276545,0.2982617247878796
1.868281238733634,192.3260175,0.2981709513638042
1.9262154745255031,192.375498,0.2980801417575515
1.934440484471345,192.4246655,0.2979898852134848
1.9199714121654283,192.4738715,0.2978995365911674
1.9156913184749453,192.52317299999999,0.2978089910710588
1.967962149266521,192.5723405,0.29771867009813313
1.936669762950964,192.62141250000002,0.2976285030263091
1.9329005596810227,192.6705725,0.2975381526172772
1.8420616298350998,192.72002650000002,0.29744723994086725
1.9248205015728692,192.769545,0.29735618658085106
1.9509750767719314,192.8187395,0.2972657070015171
1.9740095590769018,192.867709,0.2971756194147757
1.8698059488360548,192.916907,0.29708508945676737
1.8777721517990167,192.96651300000002,0.29699378632459406
1.9828492036619636,193.0157835,0.29690307835674296
1.8670775741990093,193.06502749999999,0.2968123968507856
2.0647790925468317,193.1139855,0.29672221980878205
1.8165526067744444,193.163115,0.2966317045547422
1.9396541937228373,193.2126755,0.29654037250500903
1.882012395738253,193.2620265,0.29644940377208606
1.994845582944571,193.311232,0.29635868055642367
1.9753235165714842,193.36010199999998,0.29626855343212016
1.9512037485977585,193.409117,0.2961781363097774
1.8053625846942245,193.4587155,0.2960866197163385
2.0879448836631496,193.5078645,0.29599590952307303
1.8873773614290854,193.55670400000002,0.2959057478019562
1.844527942941751,193.6063595,0.29581405635814406
1.975809695780812,193.6557865,0.2957227634260039
1.8963955962879253,193.704962,0.29563191175361014
1.9832780784374584,193.75411450000001,0.29554107930865897
1.9507072492890754,193.8031105,0.2954505128497697
1.8741304142155129,193.85246899999999,0.2953592528129714
2.029492441010958,193.9015565,0.29526847035179343
1.7991280442111064,193.9508425,0.29517729715070884
2.001658931754996,194.0002735,0.2950858318563583
1.8694547523061735,194.04944849999998,0.29499481647048315
1.948700676019386,194.09878750000001,0.29490347362987573
1.9453092226539965,194.1478485,0.29481262163207667
1.9683680449411827,194.1968215,0.29472190882478677
1.9386657735606863,194.245844,0.294631080471237
1.8755830106647728,194.295153,0.294539697140538
1.8803767734412369,194.34467949999998,0.29444788626259466
1.8861511824748953,194.394179,0.29435610086812813
1.950744992235382,194.44344949999999,0.2942647156347644
1.9880377208706306,194.49243,0.2941738440147635
1.9672696976611999,194.541346,0.29408306783645205
1.8633681216381726,194.590609,0.2939916231716368
1.9742123015723874,194.6398605,0.2939001751620003
1.93726833028764,194.68886049999998,0.293809169552259
1.9180909560207828,194.7380625,0.2937177640390492
2.0076949659970116,194.7870355,0.29362675926336185
1.7953668599539583,194.8364585,0.29353489322116755
1.8782735631331378,194.886351,0.2934421288872044
1.8925829766323534,194.9358695,0.29335003441744195
2.0574302179052775,194.98472800000002,0.29325914243414575
1.99123198485411,195.0333195,0.2931687224702996
1.9440788105352727,195.0822925,0.29307756762419795
1.7657382060348568,195.13204,0.29298494542732884
2.064684971192608,195.1814175,0.29289298637234334
1.8257861625324416,195.23050899999998,0.2928015344562601
2.057248853036936,195.2796655,0.292709935902692
1.9271277759577452,195.328532,0.2926188523218076
1.8379413710662162,195.3781265,0.29252638581691914
2.0212981084666835,195.427378,0.2924345328362059
1.9064341215261345,195.476401,0.29234308021531974
1.9206001282632628,195.5257555,0.29225098311453873
1.8877297180989208,195.5752435,0.292158610562551
1.9936423223826765,195.6245065,0.29206663171934183
1.9927952620575058,195.673384,0.2919753466656162
1.9611830186042332,195.7223645,0.2918838432145908
1.955545483243706,195.77146349999998,0.29179209215773805
1.9410226369485537,195.820696,0.2917000651865409
1.9718131033938828,195.8698865,0.2916080902014253
2.028238089065343,195.918776,0.2915166516746354
1.905398301126739,195.9679245,0.2914247021907653
1.8810354325762784,196.017538,0.2913318556884246
1.978656508516347,196.066912,0.29123943030407445
2.0252044459174727,196.11579,0.29114790671808477
1.9564065439216975,196.164698,0.29105630030618496
1.9218481572522865,196.2140335,0.2909638660852923
2.0054855525527406,196.2632355,0.29087165481725996
1.9219490709444982,196.312361,0.2907795597734664
2.016322141260824,196.3614675,0.2906874731619422
1.9150197692080153,196.410643,0.290595229843104
1.9519607826034708,196.459971,0.29050267292573617
1.976811915583683,196.5091155,0.29041043281454093
1.911151775664072,196.558493,0.2903177276546625
1.8902686810398601,196.60813000000002,0.29022450719837434
1.9993523090974754,196.65743500000002,0.29013188229174386
1.9589566714256466,196.7065035,0.2900396739323758
1.9347272421992785,196.755717,0.2899471652147934
1.9912833458272097,196.804892,0.28985470090388016
1.9998831696519372,196.8538685,0.2897625819743881
1.9978742931753182,196.90275000000003,0.28967061392887816
1.8942382266877156,196.9521125,0.2895777126448319
2.001067547802834,197.001513,0.2894847113327404
2.0199561936103847,197.0504365,0.28939257983230543
1.9036632260690383,197.099715,0.2892997513696938
2.026589071434226,197.14902,0.28920684434837807
1.872171853834931,197.198439,0.28911369368776413
1.9343422381226922,197.24816349999998,0.2890199379784029
2.0681488738213276,197.2972285,0.28892739696309805
1.987821272767996,197.34614399999998,0.2888351093680698
1.953403838830684,197.39544899999999,0.28874205798721014
1.9404359435450067,197.444907,0.28864868859979836
1.9580461227937276,197.49435649999998,0.2885553058858952
1.947903647922267,197.543787,0.28846192961880945
2.000155243960527,197.5930275,0.2883688829316988
1.9505249711977901,197.6422755,0.28827579270498477
1.989752977066372,197.69158800000002,0.2881825510515255
2.057372181223315,197.74046950000002,0.2880900951283421
1.8912553523071727,197.78966,0.28799702530812304
1.9584184422140611,197.83925499999998,0.28790316017886164
1.9680857416187132,197.88856349999998,0.28780980736278444
1.9461165027990235,197.9378415,0.287716482398746
1.9063112755770675,197.9873375,0.2876227144145333
2.1386292649214096,198.03617350000002,0.2875301670659056
1.8985719362613525,198.0850475,0.28743751808615725
1.9387104284764143,198.13461949999999,0.2873435155804828
1.9062261227837805,198.184157,0.28724954788387774
1.9256802939730853,198.2336715,0.28715559315373124
1.9735520266072515,198.282965,0.2870620272442801
1.9644588909423286,198.332091,0.28696874888515916
1.981476328307071,198.38120550000002,0.28687546195627667
1.9553306116045304,198.430396,0.2867820001221456
1.9925776351694433,198.479567,0.28668854469964505
1.925984276651929,198.528826,0.2865948912273692
1.8464290074405787,198.5785735,0.28650027763146857
2.0577016488980933,198.62789750000002,0.2864064382799838
1.9616333828533954,198.67686700000002,0.28631324255463664
1.9608484543572677,198.7261605,0.28621939912408934
1.9394663838532051,198.7755035,0.2861254301376582
2.0680161213086348,198.8245415,0.28603201086840846
1.9498180569234573,198.8735605,0.28593859670304006
1.983090639494276,198.9228385,0.28584465755470234
1.9122303761274442,198.9722385,0.28575045414098005
2.043439384143104,199.021456,0.28565656710503545
1.9270070715469056,199.0706085,0.2855627724614002
1.9289474705596419,199.120146,0.2854682111112537
2.006632120247145,199.169386,0.2853741857009396
2.0421703076923508,199.21826,0.28528082759600054
1.997752469051265,199.2671835,0.285187343342781
1.9655606321912495,199.31629800000002,0.28509346224501253
1.9423888228567996,199.36560300000002,0.28499918480412534
1.9056990095270911,199.415148,0.2849044158636501
1.9448889477989246,199.46463599999998,0.2848097232563842
1.9713366983858687,199.51392950000002,0.28471537024668325
1.9826016226585286,199.5631585,0.2846211081741836
2.0157630650768414,199.61219649999998,0.2845271794275118
1.893648299099001,199.661528,0.28443265579728033
2.093600359203626,199.710604,0.2843385890969943
1.9629215185251159,199.7594515,0.28424492797405265
1.9018860132749509,199.808997,0.28414989538723767
1.9827264058334386,199.85846600000002,0.2840549761867063
1.9672613397299075,199.9077135,0.28396044880965793
1.951137037987451,199.9570295,0.28386575669057973
1.9960636116092918,200.006201,0.2837713088060477
2.0422323027070366,200.055113,0.28367732637214993
1.9811003335613482,200.1040135,0.2835833330585018
1.8655495052948947,200.153536,0.28348811048887107
1.9687695311703066,200.203135,0.2833927067583775
2.024391723905762,200.2521385,0.2832984149082984
1.9194891329739738,200.3013325,0.2832037228601736
2.0366462647308063,200.35051199999998,0.2831090249476531
1.910244487572617,200.399691,0.2830142941441643
2.0015907457423294,200.44899199999998,0.28291929427441287
2.004225297280465,200.4980455,0.282824737386918
1.9602981832544422,200.54724349999998,0.2827298678739938
1.8149098428624604,200.5970595,0.2826337717931531
2.122609029889529,200.6463875,0.2825385824184743
2.0011716910921913,200.6950785,0.2824445883732932
2.0141340805992334,200.74404399999997,0.2823500303752233
1.8822239970430426,200.793452,0.28225458316082613
2.059129667478436,200.8427645,0.282159285595938
1.8911618813612148,200.8920655,0.2820639753758682
1.963221617677435,200.9416835,0.28196801702223756
1.9765345794670743,200.9909845,0.281872636567845
1.9291748493164314,201.040392,0.2817770148243028
2.1127754325395562,201.0893385,0.2816822504063605
1.9435068315716524,201.13822800000003,0.2815875616048715
1.94811818720239,201.1876625,0.2814917818626559
1.9495826953086106,201.23707050000002,0.2813960178207644
2.007406095085086,201.28627649999999,0.2813006097985258
2.002989168161652,201.335318,0.2812054853950862
1.9087730093022495,201.384688,0.2811096880878535
2.0159988392499666,201.434012,0.28101394416064335
1.8636220938920671,201.483496,0.2809178535296417
2.0223414614235886,201.5328735,0.28082193355191476
2.0445412584988087,201.581637,0.28072717079084997
1.8942831953675066,201.630881,0.28063143834921733
1.9289136049455846,201.68052899999998,0.2805348838856939
1.9444926724260616,201.730021,0.28043859611370864
1.9635202343687976,201.779349,0.28034259086401486
1.9695646704902823,201.8285735,0.2802467505964278
1.882110034266019,201.8780615,0.28015036049379727
2.0505990288274636,201.92728649999998,0.2800544459558512
1.956909493694377,201.9762785,0.2799589489934068
1.9961642500658805,202.0255035,0.2798629611745495
2.0090456048769667,202.074614,0.27976715989726414
1.9651503350384634,202.123839,0.2796710983561638
1.9045181127468354,202.1733615,0.27957441887653384
1.9861284852916512,202.2228265,0.2794778141392672
2.0101361092132275,202.271994,0.2793817531759645
2.062633298626285,202.3209135,0.2792861398059707
1.8556469087066334,202.3703675,0.27918944421481323
2.057943160536273,202.419871,0.2790926139483446
1.9839194319106788,202.4689355,0.27899660488297295
2.0039224387355774,202.5181105,0.2789003420478752
1.9709299456378853,202.567381,0.2788038544804808
2.0083945933119365,202.61666350000002,0.27870730548692524
1.964749898265276,202.665919,0.278610771398879
2.015720880041026,202.715174,0.2785142002213915
1.9721282888653908,202.764437,0.27841757518984683
2.0559203915339412,202.8135475,0.2783212111884759
1.9788349504832492,202.8626655,0.27822479434582753
1.9013211373889034,202.91232150000002,0.2781272825803524
2.01511409563361,202.961817,0.278030047032845
2.1205016487899266,203.0105995,0.27793417404360055
1.928935829122377,203.059649,0.27783773803661643
2.0033076551083795,203.10911,0.27774045402234576
1.9898012923546313,203.158369,0.27764352834437867
1.8830724776392094,203.2079795,0.2775458716240929
2.0462656919527755,203.2574185,0.27744851306315954
1.9937778333499803,203.30650200000002,0.2773518155433261
1.9483104965118052,203.3559325,0.277254395013871
2.1373333218704134,203.404879,0.2771578893304196
1.9392999878136012,203.45381400000002,0.2770613673862941
1.9542668183049654,203.50341650000001,0.27696348900701234
1.9431255270695649,203.55303049999998,0.27686554773393546
2.0725393996095947,203.6021675,0.27676850836871153
1.9300527011667714,203.6514,0.27667124066539517
1.9458037823374017,203.701117,0.2765729752847969
2.087625554714853,203.750258,0.27647580831726465
1.9219610026119616,203.7994675,0.2763784659129049
1.980240416510021,203.84906999999998,0.27628030551223315
2.005711691789512,203.8983825,0.2761826785108783
2.1079521570439033,203.9472945,0.27608580442693137
1.9727085090646006,203.996329,0.27598864766545406
1.8719272375261586,204.046149,0.2758898933463034
2.1076586027230966,204.0955375,0.275791953299884
1.9911747178193973,204.1445525,0.27569471341471596
2.0283718533165653,204.19392249999999,0.27559672836237004
1.9862753372433462,204.243273,0.27549874090376514
2.069507730350686,204.2924635,0.2754010301365847
1.9913457532926808,204.34167300000001,0.275303240581094
1.9752117156705158,204.3912145,0.2752047497046188
2.1492751221945574,204.440287,0.27510715001048563
1.877438507767218,204.48963,0.2750089708706073
2.1116932013371907,204.5391065,0.27491048427121206
2.068014539933429,204.58801499999998,0.2748130870536362
1.9470326156276057,204.6374155,0.27471466831612334
2.0931755942071772,204.6867205,0.2746163979131962
2.039320438844702,204.7357735,0.27451858811354757
1.9194574744159398,204.78537599999999,0.2744196402794531
2.0187168481968203,204.835036,0.2743205349824596
2.116562519835217,204.8841155,0.2742225460401983
1.9931295024476856,204.93327549999998,0.2741243542894283
2.0326304711596217,204.982714,0.2740255636872085
2.0013755867296905,205.03216,0.27392671529194756
1.9773571870920363,205.081751,0.27382753392761966
2.1652618646550748,205.1308425,0.27372930894911557
1.9377846364513005,205.180098,0.273630713127937
2.1696184559917047,205.2293075,0.2735321665746316
2.1077123270016536,205.27799850000002,0.2734346161519811
1.8987819683334324,205.32766600000002,0.2733350659915177
2.075685124382883,205.377459,0.2732352202300491
2.111029995369574,205.426493,0.2731368532198419
2.0755329434193936,205.475577,0.273038342864612
2.0765163053676856,205.52478250000001,0.272939545341617
2.003565538225653,205.574198,0.2728402824176722
2.058281541736414,205.62372449999998,0.2727407524307417
2.187466300166199,205.6726175,0.27264245214753047
1.980885767637237,205.72172799999998,0.27254367107168703
1.993422368795752,205.7714525,0.27244361047010546
2.039706788458171,205.820986,0.27234388957395284
2.102979034100588,205.8701725,0.2722448230672168
1.970447095824519,205.919554,0.2721453194120823
2.175103614170415,205.968695,0.27204625610165045
2.0792726439393627,206.01749999999998,0.27194782633205034
2.069705664149295,206.066679,0.27184859802671846
2.025295463527122,206.1160565,0.2717489244157468
2.021408816164996,206.16549500000002,0.27164908260177095
2.0315707158327516,206.2148955,0.27154927238319226
2.1072692493272456,206.264048,0.27144991834012955
2.0067925487650484,206.31324999999998,0.2713504192936514
2.138830136067687,206.36231850000001,0.27125114533076483
1.9860526294444523,206.411425,0.27115174950766724
2.069852370528637,206.46080999999998,0.2710517444935172
1.9322345070284093,206.51041650000002,0.27095124491759254
2.077285752401787,206.55992750000001,0.27085089272198437
2.0049557081116127,206.6091865,0.2707510054923075
2.0585203295894106,206.6585795,0.2706508005601623
2.074936055685506,206.70775500000002,0.2705509910367662
2.115048230507459,206.7566975,0.27045160890835307
1.9197366190070169,206.806216,0.27035101084425184
2.1456604867716695,206.85562,0.2702505988597829
2.093783122641523,206.904429,0.27015135045067523
1.916161349585938,206.954066,0.2700503716498132
1.9792795947349973,207.004027,0.26994868602500366
2.165074614054968,207.05309549999998,0.2698487702237817
1.9842880028251009,207.1021525,0.2697488314908841
2.0626127983448828,207.1515565,0.2696481389101745
2.155717020257105,207.20038449999998,0.26954857391289516
1.9038219864696269,207.249777,0.2694478108211627
2.036909912958781,207.2995095,0.2693463062216685
2.075430653100777,207.3486545,0.2692459534030797
1.963312737727549,207.398127,0.2691448842280387
2.1188000638480187,207.447428,0.26904411779040843
1.99609842966645,207.496611,0.2689435450544142
2.0892728911234935,207.54590050000002,0.2688427068576888
2.0975833603392378,207.594805,0.2687426090265134
2.0811561305261477,207.643786,0.2686423073039281
2.0312289826140724,207.69304499999998,0.2685413884439688
2.025647297590345,207.74243,0.26844016315798
2.0018963048408307,207.7918955,0.2683387242967631
2.1183795734442366,207.8410975,0.26823777746241434
1.9875798871422174,207.890307,0.26813676691876354
2.037506519940005,207.9397685,0.2680351902982988
2.04398137735359,207.989058,0.2679339181219657
1.9962790636416994,208.0384925,0.267832298999972
1.9968930471555864,208.088099,0.26773027684787415
2.146750347320297,208.13714850000002,0.2676293514135575
2.012831347269043,208.186148,0.26752848027836684
2.042017963128857,208.235533,0.26742676630623213
2.041847122299166,208.2848155,0.267325214055376
2.15801496091533,208.333739,0.26722435265723965
1.9250281554906643,208.3830245,0.2671226955742289
2.029481206918015,208.432707,0.26702016935834944
2.1202332493151315,208.4817755,0.26691886055637715
2.016050424578444,208.53085149999998,0.2668174868037814
2.030351105099994,208.5802365,0.26671542471772197
2.1097214448278727,208.6293625,0.2666138479759815
2.0698756294614964,208.6783165,0.2665125772368779
1.9478280472670482,208.72776249999998,0.26641023828995325
2.059705294618535,208.77728150000002,0.2663076973659891
2.0518558317242026,208.826464,0.26620580272628563
2.0408916054801436,208.87566950000001,0.2661038099420635
2.0807913081999048,208.924746,0.26600203412993084
2.0026383075563032,208.9739555,0.26589993183156274
2.0756831194323455,209.02322600000002,0.2657976520242136
1.9893985804873422,209.072508,0.26569529723913965
2.0305271698865672,209.1219615,0.2655925347706087
2.058008167963794,209.17118299999998,0.26549020305741006
2.0771563006087046,209.220202,0.26538824133502653
1.9715795695276321,209.269528,0.26528558954417214
2.0338038350308207,209.319018,0.26518254442700817
2.0233296324150425,209.368355,0.26507976589010945
2.0199005012195976,209.4176965,0.2649769259504463
2.0394148183379786,209.4669805,0.2648741538007596
2.157475129576591,209.5158675,0.2647721580070622
1.881143034348051,209.5652565,0.2646690626526164
1.987852888645907,209.615193,0.26456477096921327
2.0431588491940906,209.66460849999999,0.2644615143445925
2.068503508707349,209.713755,0.26435876736165237
2.071576460933474,209.7628065,0.26425616671868457
2.094608640117998,209.81177000000002,0.2641536979521684
1.9431239886705198,209.861176,0.26405025016973377
2.0406839409956703,209.9108245,0.26394624091449354
2.076184821498591,209.96002049999998,0.26384312637363544
2.1317853555733253,210.008898,0.263740626815622
1.9317228790554841,210.0583135,0.26363694562781315
2.009587072088125,210.1081335,0.26353236125900387
2.0491198020709955,210.157561,0.2634285466682949
2.0940634082091893,210.206679,0.2633253285599925
2.0642526475946776,210.2557585,0.26322213789800625
2.0980696719534375,210.3048575,0.26311885265041374
1.9972701729137754,210.35415899999998,0.26301508737435825
2.0706456932803547,210.403548,0.2629110835148843
2.0178541551063813,210.45286800000002,0.26280717048151775
2.1267692651994086,210.5020335,0.262703528666603
1.9515617871013689,210.551411,0.2625993852662989
2.0392966124579,210.60109749999998,0.2624945347059768
2.15645669160828,210.650128,0.26239101382887836
2.078891452340821,210.698996,0.2622877819260727
1.9728032832536697,210.7484895,0.2621831734836193
2.1127454888023776,210.797848,0.26207879493630465
2.0402579678403283,210.846987,0.26197482545221656
2.0689528274928137,210.8963075,0.2618704165289557
2.031357675363717,210.945628,0.26176595196515245
2.044827530495406,210.9950245,0.26166127053632793
2.1033543656740292,211.04418049999998,0.2615570431290929
2.0405001511442764,211.09339549999999,0.2614526348884301
2.0662347544123927,211.1427445,0.26134788625354277
2.072131115072271,211.1919675,0.2612433489669571
2.021466347271447,211.241297,0.261138529167652
2.1573656735381537,211.290358,0.2610342238448565
2.0558877535373448,211.3394095,0.260929882710283
2.039282469625248,211.388865,0.260824625375973
2.1466366833297,211.438002,0.26071998928576995
2.035386765977722,211.48720600000001,0.2606151538376004
2.1245732085678335,211.536469,0.26051013573489334
2.079106434356329,211.58553899999998,0.2604054722961817
2.002054367614986,211.6350135,0.2602998885960899
2.1263972126595205,211.6843815,0.2601944745162552
2.0670981731113987,211.7335475,0.2600894343897435
2.1063482647573135,211.78277250000002,0.2599842107314523
2.0953824187328984,211.83190000000002,0.2598791380194546
2.0830216047092143,211.881106,0.25977383973739643
2.1087185613398285,211.930293,0.2596685243001899
2.087860661960389,211.979411,0.2595632987937231
2.11006838564437,212.02855749999998,0.25945795428963236
2.056937801335262,212.0777995,0.2593523468290722
2.0012631930055402,212.12736,0.25924599728759334
2.145882393663721,212.176661,0.25914014573478195
2.1340162448828397,212.2255575,0.2590351045511175
2.0313557081345386,212.274792,0.25892927866369553
2.091017920214962,212.324084,0.2588232701513488
1.9991772018791576,212.373471,0.25871699796257375
2.0408873342892053,212.423041,0.25861027210434695
2.150164154868761,212.47211099999998,0.2585045635425456
2.062662934732634,212.521084,0.25839900506903263
2.03637325926896,212.570397,0.25829265418766734
2.0147585195699467,212.61990400000002,0.2581858246688699
2.0926205922011403,212.669243,0.2580792974821648
2.052555622489004,212.71841849999998,0.2579730633871048
2.068005165206941,212.76767,0.25786660502020103
2.131569476529296,212.816641,0.2577606932096673
2.0523276955259218,212.865645,0.2576546502583399
2.0804005751554295,212.91487,0.2575480687450455
2.0257557906218495,212.96419,0.25744122077060466
2.0747462574649607,213.013489,0.2573343573711842
2.0769972106143633,213.06264499999997,0.2572277431730978
2.041116695484719,213.1119175,0.2571208152650682
2.0229605796137338,213.16132349999998,0.25701353615642475
2.019925701210355,213.2107795,0.25690608668019604
2.103652260318899,213.260022,0.2567990394961834
2.08687970484031,213.3090425,0.2566924137648281
1.9999466215711763,213.3583815,0.25658503351649176
1.9898016596742674,213.4079995,0.25647698345743675
2.09823228789011,213.45731999999998,0.2563695188956409
1.986384447512699,213.5066975,0.2562618677302844
2.189808094788866,213.5557275,0.2561549122541642
1.935124160970722,213.6048835,0.25604761984576013
2.0907574450505737,213.654406,0.25593946449574045
2.02795479053039,213.703669,0.255831813025196
2.0145986666987334,213.753134,0.25572365691873533
2.0094716874223346,213.802685,0.2556152491213551
2.262436604715954,213.851494,0.2555084022563243
1.9560349887899926,213.900505,0.25540105073076264
2.123016286096634,213.94995899999998,0.2552926652940796
2.020480303847402,213.99925100000002,0.25518457120935545
2.042877191229641,214.04887050000002,0.2550756945743836
2.112337979033159,214.0981715,0.2549674527056234
2.2116683333153517,214.146931,0.25486033673945413
2.0710530176605206,214.1958735,0.25475275563622524
2.049875395775594,214.24534849999998,0.2546439396269012
2.0609508494750712,214.2948425,0.25453501689084135
2.125132358877674,214.34409599999998,0.25442655881144194
2.1029412766943834,214.393195,0.25431837665010776
2.0033054121473106,214.4427265,0.2542091763532634
2.237874596213158,214.4918805,0.25410074344961014
2.0770905927599754,214.5407755,0.2539928176474271
1.9771884520881315,214.5904525,0.253883099972532
2.1298250406004318,214.639994,0.253773615405327
2.121023925837625,214.689093,0.25366504341448587
2.1302626630364236,214.73814449999998,0.2535565113769967
2.0748939781246443,214.7873865,0.253447492264269
2.030452410872889,214.836926,0.2533377480629408
2.1809552817415327,214.8861415,0.253228655483703
1.9963728700687167,214.93551100000002,0.25311915517584294
2.0953157620658724,214.985119,0.25300905878173696
2.1956346069156023,215.034102,0.2529002833288006
2.0831321128999707,215.08313249999998,0.25279133643628493
2.1289666748512515,215.13239349999998,0.25268181076844454
2.015598326320489,215.18188700000002,0.2525717007915748
2.1156150144533217,215.2314095,0.2524614585579041
2.1225893684466066,215.2805945,0.2523519004202636
2.1363051800868518,215.329722,0.25224240335028
2.1424749653748165,215.3787925,0.2521329663230622
2.1156045901730325,215.4279295,0.252023313744364
2.083002331716165,215.4772475,0.25191318944431035
2.1015307629152558,215.526587,0.2518029490119684
2.0846560701756505,215.5759475,0.25169259332832844
2.1744765704892624,215.6250445,0.25158275880803393
2.150395542181795,215.67391049999998,0.2514733736240714
2.1022531694588915,215.723,0.25136342026014064
2.1600156757155378,215.7720685,0.25125344579376957
1.9427924965968302,215.8216765,0.2511421927737333
2.0856576909180884,215.87145099999998,0.2510304960669913
2.12833212787799,215.920636,0.2509200529210822
2.094502751601277,215.96983,0.250809520500577
2.0824781397971224,216.0191405,0.25069865685235787
2.1899117160320616,216.06818049999998,0.25058833223503446
2.1380220796779756,216.1170755,0.2504782650414666
2.105448665442937,216.166203,0.2503676051498357
2.0264825076561075,216.215706,0.25025602900866945
2.143256295697947,216.26505500000002,0.25014472944646327
2.1635261920660067,216.3139805,0.25003431536458925
1.976781695539169,216.3634645,0.24992257016312408
2.1334913404515627,216.412949,0.24981075256766397
2.0219068406344958,216.4623075,0.2496991485399955
2.0879562429166043,216.51184899999998,0.24958705912410917
2.065996767558565,216.56117849999998,0.2494753779292373
2.112264262404727,216.6104015,0.24936386664134563
2.119621784989745,216.659451,0.24925267749749347
2.0695815883198554,216.7086755,0.24914102033384455
2.0787921883265676,216.757996,0.24902907360300228
2.0572684368088763,216.8073545,0.2489169685030364
2.0927450153797276,216.8566935,0.2488048354329706
2.1366960699285755,216.9057525,0.2486932669339704
2.1431504337929277,216.9546855,0.24858191351898648
1.9850319415920532,217.004122,0.24846934169228663
2.0832668005394552,217.053742,0.24835627844750896
2.036652580088271,217.103129,0.24824367276436174
2.104287185175258,217.1524585,0.24813112497811976
2.15238264203091,217.2014985,0.24801916502190816
2.1008702523560134,217.250529,0.24790715415335254
2.1180543538511434,217.299618,0.24779493675922673
2.113236803574777,217.34868649999999,0.24768269319102892
2.1190738273425773,217.3977935,0.24757028828845085
1.9895245083880542,217.447249,0.24745701143880502
2.1355923690632146,217.4966475,0.2473437906130907
2.002665958078415,217.5460155,0.2472305651092463
2.1664856814546334,217.5952765,0.24711751052947398
2.0748600915250175,217.644297,0.24700493388392206
2.122202699303168,217.69343400000002,0.24689201543438502
2.043922385739234,217.7427065,0.2467787107842196
2.053965448153314,217.7922195,0.2466647774579988
2.1068064557500232,217.84154,0.24655121154866066
2.1814168100772995,217.890425,0.24643857386640894
1.98294289011434,217.9396975,0.24632496805424045
2.153010089400788,217.9891055,0.24621097377326454
2.036470928258534,218.0383855,0.24609719878882286
2.145484551960291,218.087685,0.24598330264633375
2.0442715897494796,218.13691749999998,0.24586948513039691
2.122766620281401,218.18624699999998,0.2457553668638031
2.1406025448422725,218.2352985,0.2456418156222494
2.0960826610916734,218.284455,0.2455279450209907
2.126226768680428,218.3336495,0.24541390976572625
2.0692081172497896,218.38287400000002,0.24529972807501838
2.0649172747140865,218.43232,0.24518495498432372
2.195529240460209,218.481427,0.24507089162378873
1.9809077472040877,218.5307945,0.24495614551993744
2.12661187964483,218.580326,0.2448409397955512
2.1088953210851726,218.629492,0.2447265063270733
2.0713362238229514,218.67884099999998,0.24461156874836412
2.1788998473059262,218.7279685,0.2444970690926881
1.9794550194393485,218.777405,0.24438177056327845
2.1655102765070255,218.826897,0.24426626334242696
2.2092181121668895,218.8756625,0.2441523739409063
2.084335062497165,218.924668,0.24403784613924887
2.1404288572893235,218.9739385,0.24392262013343008
2.0779703382195467,219.0232395,0.24380724345175236
2.112285071516684,219.07268549999998,0.24369144753717445
1.9984634747055858,219.1223815,0.24357498535755187
2.24525737454135,219.1716235,0.24345950705259065
2.1276546484309877,219.22048999999998,0.24334483037351465
2.0646049136159883,219.26993399999998,0.24322871821732953
2.2555599166378038,219.3189355,0.2431135654064321
2.074023333945523,219.36793749999998,0.24299833180231264
2.1474162161164707,219.4172865,0.2428822015478703
2.116733232886989,219.466452,0.2427664224630115
2.050851792616609,219.515936,0.24264981188507437
2.177459444463875,219.565247,0.24253352751191853
2.0153731849455987,219.614634,0.242416982217678
2.1065539493951473,219.66427249999998,0.24229976085588167
2.0764294935107293,219.713707,0.2421829387910692
2.1376999272510053,219.763016,0.24206633115763906
2.131780486523555,219.8121535,0.24195004730041786
2.2112676061580774,219.861029,0.24183430229084438
2.091661689191348,219.910078,0.24171806483858352
2.0849694992577783,219.9594955,0.2416008712917229
2.1802597368954864,220.008583,0.24148437786579036
2.0691283946237298,220.0577375,0.2413676428910005
2.0486413549309748,220.10731950000002,0.24124980879819483
2.1598888622014494,220.1566585,0.24113246841262628
2.1583010802474725,220.2056485,0.24101587515072936
2.046526461113793,220.25496900000002,0.24089841170775053
2.174850518406146,220.30427,0.24078091068102803
2.1213742296859808,220.3533195,0.24066392551449062
2.1099220229676248,220.40261149999998,0.2405462778361765
2.06364397942865,220.452105,0.24042806417752355
2.1684252378437554,220.50133749999998,0.2403103891727825
2.112643177599262,220.5504445,0.2401929297628131
2.0986737124932406,220.5998025,0.24007478488450196
2.121836789758371,220.649073,0.23995676417277823
2.087055492121074,220.69838199999998,0.239838565751936
2.1922208625053994,220.74747150000002,0.2397208083567296
2.1020948768539203,220.79655150000002,0.23960298864210802
2.102358595679433,220.845919,0.23948439272784833
2.194639564881736,220.894928,0.23936657250306492
1.992439128772215,220.944334,0.23924771141560713
2.2607153318939734,220.993538,0.2391292498403244
2.0718000838668185,221.04245200000003,0.23901140074844737
2.1875974873759345,221.09164650000002,0.23889278946378473
2.0299238305194853,221.14097650000002,0.23877376430289426
2.1926651991467825,221.190287,0.23865469875596088
1.9947153173490977,221.23974249999998,0.23853519509251558
2.121127309928722,221.28943850000002,0.23841502132052478
2.1645467682762263,221.3386425,0.2382959492352074
2.187922559470973,221.3876635,0.2381772326816685
2.1572015121131485,221.436732,0.23805831361750227
2.114997795926031,221.4860235,0.23793876579513298
2.1659392782674805,221.53526549999998,0.2378192494546042
2.1393740223014355,221.58445949999998,0.23769976102383036
2.1445701865702205,221.6337605,0.2375799236649553
2.2113035197150603,221.6828195,0.23746058587320953
2.0910149315546103,221.732033,0.23734078319001148
2.227055789746074,221.7811875,0.2372210348934467
2.0225872474913493,221.8304885,0.23710083991683475
2.0880701915917252,221.880234,0.23697946992010793
2.1950160636463725,221.9294285,0.23685935383607135
2.1158611748558616,221.978516,0.23673940918099035
2.169763728087321,222.0277105,0.23661911285082393
2.087559631518838,222.0769585,0.2364985950294161
2.132984635346258,222.1263015,0.23637775354866267
2.1995471494567065,222.175368,0.23625749851865396
2.1273712301258123,222.22446300000001,0.236137082915645
2.0784738236470135,222.273869,0.2360158127053731
2.1800684694633135,222.323157,0.2358947401554662
2.023418895945496,222.372658,0.23577305171671822
2.2271967729066,222.421976,0.23565172058861508
2.1641480807987907,222.4708385,0.23553141876002695
2.088562888673093,222.5201665,0.23540987845346992
2.169168001345282,222.56944499999997,0.23528836721400048
2.1239284051092606,222.6185975,0.23516707396743336
2.1648462961280357,222.66783750000002,0.23504547176560994
2.019767208476994,222.71736950000002,0.23492305429347263
2.213843400823786,222.7666975,0.23480104694782908
1.9742378129066647,222.81617799999998,0.23467856790367328
2.2214081898052354,222.865689,0.23455591841277768
2.0892837966252227,222.9147955,0.2344341769298276
2.247158543557442,222.9638335,0.23431251161624014
2.0295783723274177,223.01311149999998,0.23419015637085294
2.1194113516971425,223.062729,0.23406686225565498
2.178479971124045,223.111853,0.23394469942100565
2.0344310033951443,223.1612575,0.23382174347037593
2.2674463106309513,223.2104215,0.23369929072151013
2.1342031376645703,223.2592645,0.2335775430963884
2.119104449394018,223.3085425,0.2334546156238665
2.0589357998818723,223.3580535,0.23333101004471465
2.112794481625181,223.40759300000002,0.2332072359146917
2.080004409565186,223.45709449999998,0.23308345919505977
2.1717657779815576,223.506432,0.23295999532485662
2.128563513992513,223.555567,0.23283694151516224
2.161731365921407,223.6047405,0.23271369447506904
2.200431927448103,223.6536815,0.23259093379094004
2.156297779869744,223.702641,0.2324680302888896
1.9969535484159382,223.752297,0.2323432796388656
2.196427759041889,223.8018175,0.23221877017714218
2.110620147151673,223.8509505,0.23209513685691052
2.1197815126303587,223.9003165,0.23197081855900162
2.112729599683818,223.9496445,0.23184649693796378
2.1007166289394332,223.999058,0.23172186037236883
2.1644001989378983,224.048346,0.2315974409716416
2.1037260417425943,224.097596,0.2314730181304335
2.2382549703410026,224.14658400000002,0.23134915843946918
2.0532558426769523,224.195738,0.2312247798284308
2.1488434348639562,224.245182,0.23109956692303027
2.1375700818680747,224.294306,0.23097506436841678
2.1025343812596,224.34358650000001,0.2308500647736566
2.070435157850628,224.3930595,0.23072447553172112
2.161263552812152,224.44237600000002,0.23059918225779105
2.0893539787869657,224.491675,0.23047383211980613
2.1434878733763862,224.54098349999998,0.23034835626540826
2.110834312933432,224.59025200000002,0.2302228805263054
2.169802791551381,224.639454,0.23009747249597723
2.0898101228340686,224.6886845,0.22997188992639744
2.2357971096016263,224.73773,0.2298466776971866
1.950719979041821,224.78723150000002,0.22972019827486018
2.214922740370069,224.83676150000002,0.22959354220233155
2.1664409450061,224.885674,0.22946836302165846
2.104232132349271,224.934945,0.2293421634908639
2.123779686530152,224.98428,0.22921569636799297
2.0971140046885224,225.033646,0.2290890457154014
2.099889233157569,225.08313800000002,0.228961967076144
2.1907108350043427,225.13236849999998,0.22883545561588212
2.0928894535455673,225.1815515,0.22870896215105532
2.1911706616359035,225.23072100000002,0.22858239919948284
2.0373901504543173,225.280102,0.22845518674422807
2.1838060835430992,225.329504,0.22832781456223256
2.1304919720830555,225.378624,0.22820106447415667
2.1291795842752115,225.4278605,0.2280739084800906
2.0970305810577092,225.47718500000002,0.2279464192907421
2.1776094479602683,225.52640200000002,0.22781910204268624
2.0257106137116367,225.57584200000002,0.22769110116913288
2.1811135525728993,225.6252425,0.22756309545286654
2.164659584351705,225.67417,0.22743620959733887
2.1038478566142795,225.7233205,0.22730863920944097
2.1393982638961977,225.77257600000002,0.22718068925635906
2.1018677214257573,225.821822,0.22705265662197624
2.043955319400612,225.87135,0.226923782312608
2.166010684806854,225.92069500000002,0.22679527571380373
2.0202851206123293,225.97009500000001,0.22666651719355485
2.1354903521752298,226.019583,0.22653742002247437
2.0864249811602447,226.068869,0.22640874084451884
2.131016911490216,226.1181835,0.22627987818628303
2.177758747282881,226.167237,0.22615158906236665
2.1373285264580963,226.21625,0.22602329755944858
1.9986819678385226,226.26576649999998,0.225893577972803
2.1559687160254053,226.315264,0.22576379724107348
2.0875214492856076,226.36450200000002,0.22563458663456926
2.166380547107129,226.41367150000002,0.22550544578489135
2.044763724630682,226.4630055,0.22537576216152852
2.1998170214012966,226.51225349999999,0.22524619373878843
2.0013019943722146,226.56158699999997,0.22511628906382897
2.219918277987792,226.6109015,0.22498632283098963
2.034235059300519,226.660128,0.2248564770005521
2.196895899640955,226.709412,0.22472636763768883
2.031750681583007,226.75872650000002,0.22459606547158026
2.3115213860075796,226.8076825,0.2244665992140715
2.0997248025104107,226.856425,0.2243375871071113
1.9546096502775485,226.906243,0.2242056142092306
2.184472336298853,226.9558395,0.22407411320520443
2.1475648670073304,227.0048355,0.22394409157128745
2.1924036351030978,227.05378000000002,0.22381409441150873
1.9913707155316187,227.10318949999998,0.22368274821575707
2.121813570859428,227.15283399999998,0.22355066170836038
2.156522211231423,227.201975,0.22341980045632898
2.0952554737516156,227.2511925,0.22328862116719067
2.245759631751817,227.3001675,0.22315797439464982
1.9791345618470504,227.3494725,0.22302633236318042
2.118940300218829,227.3991455,0.22289359090306915
2.1350758284677553,227.4483435,0.22276200288523837
2.114357614670432,227.497561,0.22263024703722292
2.200936115277192,227.546555,0.2224989743340132
2.033481893498252,227.59572450000002,0.22236711562068526
2.159428649431589,227.6450105,0.22223482782518264
1.983978372178287,227.69448699999998,0.22210191096949747
2.1368754757404194,227.7440035,0.2219687682770079
2.2029407036485598,227.79285449999998,0.22183729870770336
1.9786058887444684,227.84219000000002,0.22170440772423491
2.0937146950300414,227.891804,0.2215706472088138
2.190743418780573,227.940798,0.2214384405030059
2.1189119970979062,227.989735,0.22130627056495716
2.1637027420496446,228.038729,0.22117382923978618
2.0873048783592427,228.087801,0.22104105901108248
2.083959437512527,228.13705850000002,0.22090766780625434
2.1087049271550358,228.1862665,0.22077429125386283
2.0207692371653825,228.235659,0.22064029434354604
2.0888592500307537,228.28507050000002,0.22050612504505468
2.123160218168816,228.33421950000002,0.22037254835019898
2.067149047756462,228.383395,0.22023877941296802
2.1593451814679168,228.43244199999998,0.22010523997517392
2.0341905799937026,228.48159800000002,0.21997128320158413
2.048808417288075,228.53105399999998,0.21983638680939468
2.157675039874675,228.5801415,0.21970237418323404
1.9327607403905758,228.629578,0.21956728629060834
2.2239497110024518,228.67882,0.2194326074257875
1.996884173457023,228.7278595,0.2192983606740144
2.1155142541569467,228.77718149999998,0.21916321776328412
1.9935010861325366,228.82654200000002,0.21902784577919843
2.1123977321195473,228.87593850000002,0.2188922510192797
2.0993247769976375,228.924986,0.21875749121940916
2.029699391434315,228.9742685,0.21862196196977499
2.0369584268347274,229.02374500000002,0.21848577412195513
2.125066518924451,229.07292,0.21835029170505996
1.961600780746894,229.1222805,0.21821417314106342
2.151184968825898,229.171572,0.21807811952547684
2.110579644101843,229.220417,0.21794317451009365
2.0009432606302466,229.2697185,0.21780684304092113
2.1195046666685893,229.31898,0.21767049619800147
2.045573924350017,229.3680885,0.21753444720242385
2.004506600211575,229.4175555,0.21739727793151004
2.0504385175363473,229.46700149999998,0.21726003912849234
2.1003306322793596,229.5161365,0.2171235366955193
2.0761557178088306,229.565205,0.2169870925603821
1.9862122079723503,229.6146035,0.21684960287326394
2.1162375818844166,229.6638475,0.21671241516252648
2.073000427256222,229.71283,0.21657582885063004
2.0018474273694977,229.7621405,0.21643819958666413
2.0580208499086576,229.8114515,0.21630043987415118
1.9526443505254816,229.8608975,0.21616217313699576
2.1110139989017624,229.910227,0.21602410228402977
2.07294009761075,229.959208,0.21588687821455332
2.126062674742903,230.00812200000001,0.21574971363196727
1.9912241076322428,230.057278,0.2156117410606774
1.9608269461269527,230.106909,0.21547230337110213
2.0607977189015387,230.156317,0.21533336028421038
1.9730532196155446,230.20568500000002,0.21519439793023035
2.100507318193692,230.2549385,0.21505562633580075
2.1139019817107574,230.3038145,0.21491778817606452
1.9743090175780729,230.353047,0.21477881324308876
2.1119297662153116,230.402241,0.2146398149847447
2.0316047840538185,230.4512905,0.21450109334607867
2.0567807995882528,230.5005135,0.2143617485468577
1.989679647225009,230.5498335,0.2142219957575785
2.0029120051748195,230.5993295,0.21408160971257842
2.188364933491956,230.648291,0.2139426067697242
1.9974773565559256,230.6972335,0.21380352536427563
1.9797122454770155,230.74674850000002,0.21366268205547684
2.0508046522055583,230.7961375,0.21352206156414016
2.1413380733804215,230.845013,0.2133827695045111
1.9759125666627146,230.89410049999998,0.21324273918366088
2.0784286311189675,230.943402,0.21310196284394975
1.988646830695398,230.9926345,0.2129612476656405
1.9808464578871086,231.04211850000002,0.21281967653837175
2.1006176501084757,231.0912935,0.21267885295540592
1.9689262434889847,231.1404785,0.21253786432648153
2.023940238980846,231.1898865,0.2123960988082021
1.9727021688579318,231.2392945,0.2122541950072038
2.123823630350997,231.288384,0.2121130687074975
2.014354488656509,231.33731699999998,0.21197225586145652
1.9937135507734083,231.386618,0.21183024593780442
2.046299353891608,231.4358525,0.21168828892152977
2.0829458138231187,231.4848525,0.2115468701646769
2.0356914573950173,231.533873,0.2114052543068826
1.9407716363100935,231.583281,0.2112623790781357
1.9962634016066867,231.632792,0.21111906477455628
2.1063551943315075,231.681847,0.21097693066743997
1.9580875209972792,231.73099000000002,0.21083440180513663
2.091883807832086,231.78016150000002,0.210691649943846
1.885369027383668,231.829554,0.21054811484156763
2.0737469113578224,231.8789865,0.2104043210425943
1.9468583756467366,231.9282365,0.21026091607183725
2.0144898843374506,231.9776295,0.2101169519968065
2.1445193317926514,232.02647050000002,0.20997445596215902
1.9983964616753618,232.07536149999999,0.20983167345794676
2.0188281291851062,232.124619,0.2096876780507724
1.8880223098678663,232.17417749999998,0.2095426579867284
2.0726768156413504,232.2235435,0.20939805656538937
1.9434651996448153,232.272782,0.20925368447170703
2.030522730606924,232.322146,0.20910879956926426
1.9909221059026587,232.37134600000002,0.20896425139545968
2.091081092537029,232.4203915,0.208820013119838
1.977554715297288,232.4694655,0.2086755467895703
1.9402879123381869,232.5189745,0.20852965335396825
2.0216544853885696,232.568329,0.20838406838098264
2.0138068674121996,232.61744149999998,0.20823905141550997
2.0017080543584553,232.6666415,0.20809362988779637
1.9514945361256268,232.7160265,0.20794751406914486
2.0539624318192184,232.76523600000002,0.20780177020237245
1.9394928879133182,232.8144855,0.20765576031928704
2.0844893762870953,232.863676,0.207509777680908
2.014425370042534,232.912613,0.2073644005826354
1.97339198425335,232.961842,0.20721800800532764
1.9422539511906733,233.0113035,0.20707077417858194
2.0355613593498982,233.06060050000002,0.20692388022301442
1.9686825165254436,233.1097815,0.20677718256295827
2.0065058591278198,233.15902,0.2066301636132947
2.044911496657507,233.2081035,0.2064834579798148
1.9732963028439108,233.2572845,0.20633631089449544
1.9761705846142565,233.30661049999998,0.20618857879221866
2.0154257019685557,233.3558295,0.2060410159053281
1.9677030702730398,233.405089,0.20589317998475432
2.0096137163123684,233.4543675,0.20574513494229388
1.9366642508516716,233.50373150000001,0.2055966801706106
2.0729459088754663,233.55294099999998,0.2054485374140383
2.029285963086035,233.6018985,0.20530100174192126
1.9759347634842979,233.651089,0.20515261133455776
2.073794631415945,233.70014450000002,0.20500447552444834
2.0309038942783473,233.7490735,0.20485656952588663
1.9090175058807244,233.79846600000002,0.2047071079268713
1.9310048182147517,233.8480935,0.20455677853188226
1.9787708767572278,233.8974975,0.20440696980558487
2.148374899618169,233.94628949999998,0.2042588634104545
1.965674934738412,233.99512149999998,0.20411048257932338
1.9100700748668267,234.0446115,0.20395994581694316
1.9288752829138183,234.094199,0.2038089540843396
2.1336662433879527,234.1431185,0.2036598406716428
1.963610829358563,234.1919405,0.2035108699188246
2.0145873858271104,234.2411025,0.20336070538278067
1.9344508353855179,234.29031250000003,0.20321023677216912
1.8457965289434646,234.3399475,0.2030583087088092
2.0727618946726554,234.389195,0.20290740764514756
2.018574804101968,234.437998,0.20275771190537656
1.9464054942348246,234.48713149999998,0.2026068444974468
1.9446883930637955,234.536448,0.20245525549635437
1.8481803911722343,234.5860255,0.20230270262688982
2.087098840581074,234.635195,0.20215124480405186
1.9391351410865352,234.6840955,0.2020004568154644
2.0113532877443694,234.7331925,0.2018489032632742
1.976342122179126,234.782217,0.20169741354624104
1.8123861812591062,234.8318195,0.20154397472403843
2.1249502011614516,234.8809855,0.201391723965225
1.8388041937555193,234.93003499999998,0.2012396727115037
1.9482710477568275,234.9795595,0.2010859852063713
1.9928124715490767,235.028666,0.20093343202281572
1.8456221329705773,235.07806399999998,0.20077980931235634
2.0666157231568305,235.12723,0.20062674445113862
1.8913530528593079,235.17624899999998,0.20047397434682926
1.9418094453151837,235.225607,0.20031998303731627
1.9614805331987157,235.2747535,0.20016648702146936
1.8858922445166788,235.324074,0.20001228211843702
1.8676101080527376,235.3736365,0.19985715325531658
1.8832858794574336,235.42318949999998,0.19970188607044598
1.9514691684972294,235.47251,0.19954718016391948
1.933444149537184,235.5216375,0.19939291342989252
1.9013733567207327,235.5708795,0.1992381203125758
1.8759204959766727,235.62028750000002,0.1990826371257267
1.9599569881286418,235.669541,0.19892747203242359
1.877287211733161,235.7187545,0.19877226494751468
1.8652761646373381,235.76821,0.1986161251076453
1.9176150309647155,235.81754899999999,0.19846018334565796
1.8844607517502323,235.86682150000001,0.19830428220436688
1.8283870556795354,235.91630800000001,0.19814753303007393
2.024002992342761,235.9653955,0.1979918780965333
1.8668069301667949,236.01439499999998,0.19783633338519066
1.9118662258753505,236.06367699999998,0.19767972139964476
1.8246794718564623,236.1130545,0.19752263406500822
1.9076778137978447,236.1624415,0.197365344054864
1.8857773129802542,236.211657,0.1972084283010137
1.8820509705070394,236.26092,0.19705118883352002
1.8817376519396223,236.3101715,0.19689381340856688
1.9489980338335497,236.35920950000002,0.19673694829586683
1.7922247439990169,236.40847050000002,0.196579196775028
1.918306046799603,236.4578195,0.19642098914785916
1.8153178494303628,236.507073,0.19626291335935273
1.9195650009471485,236.556288,0.19610478680710053
1.7911438305073928,236.60553950000002,0.1959463681523497
1.958746343195953,236.654675,0.1957881479628146
1.6794080620442706,236.704123,0.19562874500563004
1.9140671729860999,236.75367599999998,0.19546882556536058
1.9426202025827528,236.80249099999997,0.19531111322577446
1.8085209902401385,236.85156899999998,0.19515237611100544
1.7688617274490963,236.901112,0.1949919565828537
1.8594064483300514,236.950491,0.19483188932435183
1.770893160944271,236.9998515,0.19467170328860578
1.9174432605676084,237.04906499999998,0.19451181600391024
1.8556394487417325,237.0980265,0.19435257038574405
1.8171992524890366,237.147202,0.194192450612321
1.8336881323170129,237.1964155,0.19403202800407357
1.7887663098643274,237.24570699999998,0.1938711711553253
1.856464900219089,237.294911,0.19371041982460402
1.7536819167485826,237.34416249999998,0.19354933279785316
1.7661855015180037,237.3936675,0.1933872342647277
1.862427638830833,237.442881,0.19322590859028568
1.7789583727537925,237.49204500000002,0.19306456398081034
1.788414150765007,237.5414145,0.1929023623367289
1.8541417342665227,237.59058,0.19274064866149232
1.7785288468906573,237.63975349999998,0.19257872635544462
1.8771280671489965,237.68887949999998,0.1924167780087566
1.7646125186602604,237.73803600000002,0.1922545461973275
1.8242972548301102,237.7873085,0.19209174753916042
1.7850813626732678,237.8365505,0.19192886521047967
1.732504663232369,237.886006,0.19176509068909395
2.026242439884406,237.9348165,0.19160326898502125
1.7324737502538796,237.9836235,0.1914412765913381
1.755810837504208,238.03310249999998,0.19127686734542496
1.9221742644415398,238.082074,0.19111395918520543
1.658515401233041,238.1312985,0.19095002329361124
1.6842239118031501,238.1811185,0.190783913784928
1.8086120951790785,238.23051900000002,0.1906190134606121
1.793354121726012,238.279608,0.19045496561385916
1.6734205135058993,238.3290295,0.19028961758262547
1.7568488673771347,238.378537,0.19012379127327395
1.8995542636760114,238.42747,0.18995970146362517
1.6313781353119672,238.476706,0.18979440675541193
1.8938950560271461,238.5259325,0.18962895418961434
1.6732855343810078,238.575081,0.18946357411221973
1.7438353208321191,238.6245975,0.1892967636962195
1.6877426197319225,238.674057,0.1891299524659041
1.8006465129366598,238.723362,0.1889634700964702
1.7070124212157909,238.7726155,0.18879696960845402
1.794365664879293,238.821909,0.18863014135991882
1.7032378178206105,238.87122349999999,0.1884630489007687
1.8105227164253923,238.920498,0.18829589863322505
1.7943056647539628,238.969538,0.18812935156573726
1.7798130325463868,239.018656,0.18796234693027317
1.6479884594281415,239.06814400000002,0.1877938888654171
1.8543677324862973,239.117409,0.18762599468635732
1.7808805022697438,239.16627549999998,0.18745926578384176
1.6971667514956355,239.21555949999998,0.18729091751904042
1.7692237287733787,239.2648545,0.1871223355057083
1.7622705278940742,239.313963,0.18695419581762523
1.637521628778471,239.36341099999999,0.1867846962005013
1.7198302807544197,239.41291999999999,0.18661478850112423
1.7087302238573379,239.46221350000002,0.18644542215751866
1.851681583465445,239.5111465,0.18627709844119258
1.753274340921502,239.55998449999998,0.1861089064059208
1.6122353024024272,239.609425,0.18593844049840855
1.7092763225823182,239.658951,0.1857674787175991
1.7170978559983336,239.7081875,0.1855973163888332
1.589626140287477,239.7576965,0.1854260109299987
1.78273258052755,239.807028,0.1852551183999269
1.6770484989799277,239.856108,0.18508489736902764
1.752280082969484,239.905266,0.18491420571629888
1.7306061524729006,239.954258,0.18474389082797704
1.7122227671713655,240.0033285,0.1845731028698113
1.5377924965140004,240.0529045,0.1844003516968931
1.8076116731501126,240.102217,0.18422831505200082
1.5489172022184778,240.1515105,0.18405614129515968
1.7105219109817895,240.201029,0.1838829764962597
1.7188111942460564,240.2500805,0.18371124166256583
1.6371077261292066,240.2993055,0.1835386957560763
1.6818665419796812,240.348618,0.18336563820802296
1.6867948182191894,240.3978255,0.18319274428969534
1.6053440523038431,240.447218,0.18301899416570505
1.8217384801536114,240.4962295,0.18284637970777415
1.660993507550523,240.5450845,0.18267411321174343
1.5033057017114486,240.5947765,0.18249868685052828
1.7216340817021338,240.644295,0.18232366337787148
1.7077056141916285,240.6932585,0.18215039541683614
1.6403609508501744,240.7424355,0.18197616522336965
1.6510832717993276,240.791729,0.18180131397943627
1.7300807169352836,240.840769,0.1816271546014034
1.5542813543988978,240.8900435,0.18145195374251363
1.7277629738068498,240.939299,0.18127661098241488
1.6609222826073908,240.988272,0.1811020658704859
1.584378838544404,241.0375865,0.18092609362982343
1.6844633108518121,241.086804,0.1807502570305985
1.6524540546656248,241.135857,0.1805747985073682
1.574396185554986,241.1851895,0.18039812877411354
1.7097482932546268,241.2343525,0.1802218546888687
1.4731397518251745,241.28371950000002,0.18004463644586305
1.6127395023035047,241.33330949999998,0.1798664026710708
1.6760294875265778,241.382374,0.17968984514997471
1.5919416766383419,241.4314385,0.17951307589726445
1.5156128753992841,241.480854,0.17933482765898462
1.7125405037178296,241.5299675,0.17915745518013176
1.5658528376325653,241.57894449999998,0.17898036322527142
1.6054646646099213,241.6281455,0.1788022473302819
1.4293187286996658,241.6776385,0.17862285755138954
1.4822192268692258,241.727405,0.1784422568137018
1.627848615173574,241.7766745,0.17826324231067783
1.5666285975836738,241.8256905,0.17808493387431565
1.5029320830870545,241.874989,0.17790538108244952
1.5345417274913562,241.9243065,0.17772554126002205
1.5009582321444277,241.973595,0.17754558911571844
1.5458838211615487,242.0228445,0.17736556121874275
1.572592606489367,242.07185099999998,0.177186204758658
1.436892771764191,242.12112050000002,0.17700566732903283
1.486406176235347,242.1705745,0.1768242332013161
1.5307010109686001,242.2197365,0.1766436508613109
1.4378262339123622,242.2690155,0.17646241874840785
1.481127188580543,242.318421,0.17628049990114858
1.4806541863033271,242.3676805,0.17609889744926235
1.4871113104128941,242.416901,0.17591721777894184
1.5011524312990294,242.466053,0.17573557011690644
1.4938170468898206,242.5151475,0.1755539142763476
1.385966155974806,242.5645145,0.17537102737736934
1.3942347165251794,242.614114,0.1751870537880341
1.3911355989991026,242.6636555,0.17500306944461738
1.6880991508649799,242.7124485,0.1748216437926827
1.298621055918057,242.761455,0.17463920310830253
1.4278761438982783,242.8110355,0.17445439958660836
1.518970480675005,242.8600515,0.17427147636240817
1.396955077218999,242.909165,0.17408796572779123
1.3815247887830546,242.95858049999998,0.1739031004610935
1.4251185724345377,243.00788899999998,0.1737184089260185
1.3881204135413723,243.0571685,0.17353359951966182
1.5146448696165837,243.1062035,0.17334948192292887
1.315142446597727,243.1553845,0.17316459018173258
1.291566408978065,243.20509199999998,0.17297748880367267
1.3530202017830868,243.2546735,0.17279063066019412
1.4305465754352178,243.3038555,0.1726050497767955
1.297328354177815,243.353144,0.1724188385024974
1.4227835520330852,243.402433,0.17223239618536235
1.3213561167226275,243.45165300000002,0.17204598582356462
1.4301959275643807,243.5008535,0.1718594201929651
1.5121543373703925,243.549559,0.17167450558258862
1.1654829253358894,243.5988575,0.17148711025645394
1.3630251934374038,243.64849600000002,0.17129818901585359
1.391683473797059,243.69757950000002,0.17111114932361696
1.2635226911077075,243.74687799999998,0.170923059013801
1.3679288986308327,243.7962155,0.17073458742889686
1.276435535857764,243.845465,0.1705462196955964
1.2545368100390193,243.894939,0.1703567592409943
1.330817581896885,243.944267,0.17016762397102994
1.4517955010649701,243.99311799999998,0.1699800870761406
1.2350844261506002,244.0421825,0.16979149926570256
1.238084258324339,244.09169550000001,0.1696009522172653
1.3603533517757127,244.1408775,0.16941144458214236
1.1458549461594545,244.1902825,0.1692208421056045
1.436608386434953,244.239513,0.16903067762325827
1.408149135450488,244.28810349999998,0.16884275470165247
1.1806054167689657,244.33727399999998,0.1686523550911594
1.2142016988503601,244.386867,0.16846008113648736
1.320854738368131,244.436109,0.16826893085897435
1.2192851339546253,244.4853215,0.16807765863746968
1.3074425363143618,244.53454349999998,0.16788611268854717
1.1141234234696253,244.5840095,0.16769337828030714
1.4797852396374465,244.633037,0.16750211570006815
1.05660052344246,244.682181,0.1673101618094394
1.4016413620210924,244.731501,0.16711728174397286
1.0619891444413336,244.780782,0.16692431498583968
1.300138857667301,244.8302675,0.16673030652607668
1.3034679047414155,244.8791385,0.1665384699121232
1.0676252449638597,244.92854549999998,0.1663442892441324
1.1276833850218149,244.9783435,0.1661483272757389
1.3784904934356248,245.02737150000002,0.16595515514772402
1.2013762478477568,245.0761845,0.16576259302197785
1.1590585817327301,245.1254555,0.16556798388125665
1.1714141338514243,245.1747745,0.1653729430937513
1.1576305379113578,245.224065,0.16517777271972972
1.1987852531730137,245.273249,0.16498278227601743
1.1838557387457174,245.3223345,0.16478794123385376
1.1534486981108858,245.371489,0.16459258461142165
1.1142684714076598,245.4207405,0.16439659958108252
1.1407972442676955,245.46997199999998,0.16420045082823273
1.0842947811423649,245.5192725,0.16400378307587257
1.1905784449443586,245.56840749999998,0.163807532183512
1.1900499421970607,245.6172595,0.1636121704738287
1.065857111640213,245.66637450000002,0.16341551430337087
0.9257699486956541,245.7160845,0.16321622763979698
1.2278820510017758,245.765365,0.1630184161388502
0.9819293754719648,245.81447,0.16282106447077244
1.028221462950706,245.863994,0.1626217812244676
1.0961055247896225,245.913187,0.1624235834161381
1.1414675150149578,245.962089,0.16222631424892767
1.017721020803163,246.0111165,0.1620282945165276
1.0191817136822408,246.06039650000002,0.16182900814415835
0.9814175115744456,246.109736,0.16162923297274995
1.0430620963717165,246.15896850000001,0.1614296432231712
1.0051120366012138,246.2081025,0.16123020569547938
1.0629508972394262,246.2571595,0.1610308341555827
0.9152479135371046,246.30638249999998,0.16083054007427086
0.9200239841590205,246.3558965,0.16062881106284782
1.0074220671866094,246.4051675,0.160427822084552
0.9577161737674988,246.4543415,0.1602269798706675
0.9801033732468626,246.50354399999998,0.16002577208091
1.0264416883096956,246.55254200000002,0.15982515260216598
0.9401376328100428,246.6016085,0.15962400441202218
0.8681863933622757,246.65101650000003,0.15942120495409848
0.8348226731556228,246.700648,0.15921723397307952
1.0417595303773763,246.74984999999998,0.15901477641752168
0.9409712149492981,246.79875149999998,0.15881330679421732
0.9192329802379656,246.84788650000002,0.15861062532318038
0.8179061590105842,246.8972935,0.1584065690646462
0.7990692944873666,246.9469445,0.1582012494279769
1.0298075470966683,246.99605000000003,0.15799793326303274
0.8342561247039035,247.045029,0.15779489065792174
0.8654138154300864,247.09432900000002,0.15759026475614477
0.8560374256679105,247.1435215,0.1573858322113566
0.9247181567944713,247.19254899999999,0.15718183383322404
0.7746134153962657,247.241733,0.15697693171605195
0.8468856611301581,247.291043,0.15677125050309068
0.7523069707959841,247.34033349999999,0.1565653960384749
0.9106804845208644,247.38944850000001,0.15636002110612826
0.7128113885837529,247.438622,0.1561541479046688
0.8483590608379264,247.48787099999998,0.1559477039920824
0.691970555107364,247.53713449999998,0.15574094414342082
0.7028701629237546,247.5866985,0.15553266532983961
0.9267393715462552,247.6357165,0.15532642641730612
0.6827227221083483,247.684745,0.1551198899255999
0.7525300629543471,247.73411399999998,0.1549116627575675
0.7485831610148147,247.7832875,0.1547040042948305
0.704784349716184,247.8325105,0.15449588083519358
0.6729091378203113,247.8818695,0.154286924982365
0.6550345522903657,247.9312975,0.15407741855964782
0.8514306737670044,247.98024800000002,0.1538696809635847
0.6794091525798304,248.0291,0.1536621080773812
0.713241238907891,248.0782255,0.15345311770812922
0.5260578479863808,248.1276335,0.1532426670239298
0.487188728012603,248.177491,0.1530300387320253
0.6506499201092915,248.227036,0.1528184812716338
0.6753740210450406,248.2761025,0.15260870952139022
0.7049790333434676,248.324994,0.15239943088991276
0.5816228148171664,248.374051,0.15218918777277432
0.49480003602788775,248.4235275,0.15197688682991242
0.613213544094805,248.4729065,0.15176474376359012
0.5524461275350375,248.5221,0.15155313870465326
0.5257874094530908,248.571449,0.15134060491432896
0.5853535606921032,248.620682,0.15112831119717451
0.4560689396922914,248.67001249999998,0.15091533691964873
0.5615281509455863,248.7193625,0.1507020177442383
0.5037936820401776,248.768556,0.15048911537241322
0.6075169644014187,248.8176225,0.1502765042217152
0.5264500106991585,248.8666015,0.15006401467834454
0.5955859611173571,248.91554100000002,0.14985143935655978
0.22585526980007503,248.965105,0.14963588930850752
0.6972561148649189,249.0144065,0.14942121901525837
0.25374510818785495,249.06357150000002,0.1492068828786708
0.5704496803486582,249.1129505,0.14899135213403944
0.5119674051963928,249.161705,0.14877828981079855
0.22586692545965625,249.211162,0.14856189603149536
0.48722191089668065,249.2606195,0.14834523660824825
0.338005483671439,249.309764,0.1481296872671253
0.4067155049177211,249.3590455,0.14791327557835063
0.3067904402474952,249.40833700000002,0.1476965579567929
0.41035923388204654,249.45756,0.14747987989500988
0.43400201544382355,249.5064715,0.14726431398731735
0.39075420637060854,249.555373,0.1470485338926365
0.15848594806390412,249.60481049999999,0.14683012607847695
0.39097923177236427,249.6542185,0.1466115847029862
0.3934682990202289,249.7030605,0.14639528747125857
0.16233566854471845,249.7523415,0.14617678465454698
0.39679181507525363,249.801555,0.14595831893357872
0.15493755751190874,249.8507195,0.14573980903143363
0.22154527596867396,249.9002155,0.1455195614882149
0.19079323069596907,249.9495655,0.1452996995226372
0.4582153706866507,249.998359,0.1450820575194755
0.13144158892328864,250.0472405,0.14486376436714232
-0.010823652413685485,250.097078,0.1446409353751585
0.3378887707923181,250.14641799999998,0.14442006556201528
0.2330580468020269,250.195182,0.1442015148806984
0.0248149978771246,250.24457999999998,0.1439798598296435
0.18848212519582042,250.2940375,0.1437576726600735
0.21580720849368215,250.3430265,0.14353732863630328
0.18791305987893733,250.39193749999998,0.14331707568112287
0.11552173722775277,250.4410145,0.14309581428694237
0.014111440338323417,250.4904025,0.1428728868764074
0.12193772849685716,250.53970249999998,0.14265009263258616
0.1255605573112953,250.588731,0.142428263672134
-0.035690884811022096,250.63804199999998,0.14220489331292674
0.25252853702437617,250.68701049999999,0.1419828131547379
0.07551270009813109,250.73567250000002,0.14176186509006355
-0.07530612340908305,250.784966,0.14153778755564314
0.020311614672354785,250.83432850000003,0.14131313193914485
-0.10747201144224885,250.8836895,0.14108821854499404
0.09130991771641728,250.93282549999998,0.1408640675647292
-0.0912454702088345,250.981875,0.14064004967699623
-0.16782062678269732,251.031383,0.14041367278805678
0.027143222561980113,251.0805685,0.14018850696024682
0.03086542389420345,251.12928599999998,0.13996522461367786
-0.12836678442102578,251.178247,0.1397405666006851
-0.13454815654753705,251.2274625,0.13951447849298626
-0.2505467606040055,251.276873,0.13928723004337346
-0.26616506278887103,251.32648799999998,0.13905877436953687
-0.19321469715765893,251.37590749999998,0.1388309532550368
-0.10747415599286342,251.4249175,0.13860475812084827
-0.2518367322310436,251.47396700000002,0.13837811970031402
-0.18893014079733816,251.5231235,0.13815072497113748
-0.32961445367362585,251.57237800000001,0.13792261396941588
-0.22466576169219918,251.6216415,0.13769419806774114
-0.44837004374816286,251.67107099999998,0.13746474796379185
-0.16140121327668486,251.720315,0.13723589551927567
-0.3863333594442134,251.76935400000002,0.13700773454095616
-0.24443289537337545,251.81848150000002,0.1367789004693153
-0.4381438154183954,251.86766749999998,0.1365495319336853
-0.28749086768184373,251.9168725,0.1363198125825569
-0.5168351598947887,251.96617550000002,0.13608937273101762
-0.4342697381423415,252.0157035,0.13585761627430995
-0.37040553609858395,252.0648405,0.13562742707091185
-0.3820581392088612,252.1138015,0.13539780253423495
-0.38466494417610164,252.162723,0.13516810428486098
-0.4616766388632073,252.2117425,0.13493768635046657
-0.6010268754859652,252.2611335,0.13470525948779394
-0.3417377477811766,252.310203,0.13447408455152476
-0.648910398650181,252.3592725,0.13424264956082207
-0.5404879736272122,252.40867300000002,0.13400939082941007
-0.6959370421495716,252.45811250000003,0.13377568427331651
-0.46933124220848976,252.5073265,0.13354278181698673
-0.5537810247463084,252.55616,0.13331142192188758
-0.645940834318715,252.60526900000002,0.13307849758649334
-0.637768320080318,252.65446550000001,0.1328448977375977
-0.5296144576058215,252.703348,0.13261253073626098
-0.6670228564334154,252.75222100000002,0.1323799518006496
-0.818782276521524,252.8015925,0.1321447396969752
-0.643080899953562,252.8508075,0.13191001234966987
-0.6886704600006888,252.8996805,0.1316766585743162
-0.9684534416591952,252.94914849999998,0.13144020261439826
-0.7263949287651673,252.9985985,0.13120357016198586
-0.7441228310647072,253.0474925,0.13096934040080485
-0.7438633602846328,253.0963355,0.1307350990361877
-0.9948215346805449,253.1455985,0.13049858448905105
-0.7172131973207654,253.1947265,0.13026245925367644
-1.1372998410837252,253.244059,0.13002509119166816
-0.7882792036694356,253.2934305,0.1297872748589221
-0.805919699434199,253.3420405,0.12955287201762422
-1.0291835856680824,253.3910405,0.12931633308973112
-1.1936338688015944,253.44073350000002,0.1290761870475413
-0.9067817916705392,253.4900945,0.1288373846218243
-1.0659524197423869,253.53911449999998,0.12859997484539706
-1.1480282121429402,253.5885255,0.12836041234035145
-1.0141670783046144,253.637711,0.1281216850040458
-1.098132248614823,253.686701,0.12788365071907162
-1.0070754924017107,253.735594,0.12764583336314062
-1.1419902276796148,253.7844575,0.12740790578703443
-1.3850365150892419,253.833975,0.12716653518126406
-1.0350429620980621,253.883178,0.12692643998798148
-1.2816507875951593,253.932055,0.1266876815331773
-1.4004624455462311,253.9815735,0.1264455314260081
-1.1406942963286042,254.030701,0.1262050369344997
-1.2778998765172604,254.079468,0.12596605481516504
-1.4741005728232546,254.1288205,0.12572394766167627
-1.487879652913619,254.1784955,0.12547999879043958
-1.2723489209723446,254.227633,0.12523843346902827
-1.3580533475330434,254.276409,0.12499839367100266
-1.5516090807580676,254.3256545,0.12475578920007357
-1.4709844232840865,254.375007,0.12451240163337399
-1.5365816607641876,254.42423200000002,0.12426938781587732
-1.462229564437295,254.47334999999998,0.12402664858601986
-1.7187662744827727,254.5227225,0.12378239650682392
-1.5709337071949248,254.572202,0.12353735870287834
-1.546061227247152,254.6212125,0.12329439073849022
-1.6813116016666225,254.67034,0.12305059048826295
-1.5662884092970357,254.719399,0.1228068783716207
-1.6407120537499635,254.76825300000002,0.12256393481666042
-1.7448263774372852,254.8173425,0.12231956928200473
-1.8021610580727416,254.8666275,0.12207397781153648
-1.755477003732007,254.915814,0.12182862492511855
-1.9737662254178372,254.965234,0.12158185373691556
-1.6232823070678157,255.014273,0.12133673403190845
-1.9414122805992804,255.063128,0.12109228567790944
-1.9274829588483418,255.11245200000002,0.1208452394218275
-1.831636043707656,255.161403,0.1205998120496229
-2.070318457125754,255.210521,0.1203532979618102
-1.851167331503699,255.259561,0.12010692633414027
-2.2988113027985846,255.3089325,0.11985863819678708
-1.9203104997928433,255.358305,0.11961009333764495
-2.1692295712482084,255.407267,0.11936336664906216
-2.1872262900130024,255.45662950000002,0.11911437170999441
-2.050465321133128,255.50563,0.11886695468900883
-2.1762180952357224,255.554474,0.11862008213570177
-2.250749575045053,255.603592,0.1183715775318439
-2.2630163473389047,255.65274,0.11812267330906663
-2.370249903834418,255.7019755,0.11787307762797206
-2.263629247791194,255.751083,0.11762388350725275
-2.3440903806233435,255.800015,0.11737533452236365
-2.404957328338443,255.849084,0.11712584387616035
-2.3424259726507217,255.897997,0.11687690171424986
-2.7165802206332623,255.947389,0.11662527403331353
-2.3554005690100053,255.9966445,0.11637409417472228
-2.529482997069019,256.045381,0.11612531787869582
-2.793977647789575,256.0948405,0.11587260405554413
-2.5904923477614252,256.1442525,0.11561988476563059
-2.6955942359815985,256.1933215,0.11536867453803479
-2.6959065034922505,256.2424395,0.11511696896725357
-2.8005222670010017,256.2915875,0.11486486507624441
-2.6736914933761535,256.340549,0.11461347481017635
-2.8046470497313742,256.3893635,0.11436259807923929
-3.016477042354833,256.43869600000005,0.11410881467557599
-2.803727953764646,256.487883,0.11385553534508422
-2.9988554606573077,256.536884,0.11360297134293662
-3.0056500997012683,256.58611900000005,0.11334895776336122
-3.202094136474636,256.635589,0.11309348620200917
-3.0159016310609266,256.684912,0.11283852895778713
-2.968392196794164,256.7336095,0.11258656541918789
-3.1679723978323784,256.78245400000003,0.11233360238591218
-3.357050533819686,256.8318845,0.11207736113102507
-3.098177045721483,256.881012,0.11182244825499346
-3.3979105046040656,256.930052,0.11156774868283213
-3.359962695287479,256.9794345,0.11131102746457981
-3.3945146216621516,257.028641,0.11105497908487529
-3.416552045001202,257.07778199999996,0.11079903055327207
-3.462142453452901,257.12687900000003,0.11054307091058763
-3.6238438589625224,257.17621099999997,0.11028564444549205
-3.453683729099412,257.225376,0.11002884860583359
-3.526251584237175,257.27417,0.10977375306026882
-3.774483724257956,257.32340450000004,0.1095161149754241
-3.5651667473798407,257.3725505,0.10925870017396982
-3.695236646936574,257.421354,0.10900284238964786
-3.9145398048074544,257.470637,0.10874423139189959
-3.958509554175806,257.5202425,0.10848368536313555
-3.912352667902594,257.56967199999997,0.10822382172254778
-3.9539018522032516,257.6188965,0.10796479590984168
-3.8366849785281123,257.667759,0.10770743839092609
-4.177344473071463,257.7168755,0.10744850566983885
-4.1819826457140685,257.766471,0.10718680642823612
-3.952461780223335,257.815402,0.10692837605915546
-4.110197740688813,257.863991,0.10667151872350454
-4.385148423195624,257.913225,0.10641101478466189
-4.221518984074041,257.96245899999997,0.10615027251463482
-4.322524596661339,258.0113605,0.1058910553827528
-4.483965148119487,258.0605555,0.10563004551249482
-4.615828143578914,258.110093,0.1053669784578395
-4.554017867287871,258.159542,0.10510414131592281
-4.4427200520772105,258.208434,0.10484402912099165
-4.71938945733694,258.257414,0.10458321389055097
-4.710358898608499,258.30667700000004,0.10432065470303985
-4.637262796350227,258.3555395,0.10405999539277966
-4.97047148036903,258.4046565,0.1037977429856698
-4.8663936673980634,258.45396900000003,0.10353420935647736
-4.85052146974242,258.50278249999997,0.10327310829494674
-5.005951515124495,258.551605,0.10301172613525297
-5.257397628886337,258.60096599999997,0.10274722422382795
-5.112308891556478,258.6502595,0.10248284649985906
-5.1760409025829155,258.6991025,0.10222065091497508
-5.32552042878818,258.7480625,0.10195759350448592
-5.410164851920806,258.797179,0.10169346012376497
-5.657155256686897,258.8466475,0.10142719581200246
-5.569121536058253,258.8961065,0.10116074390131817
-5.739687029576127,258.9453995,0.10089494880151288
-5.667366177779049,258.9945655,0.10062960234838493
