T(K),X,m,cp(J/gK),cp_err(%),cpm(J/molK),cp_SMA_1K
267.988522,0.084,5.384478701694496,4.2413538847321695,0.3503431099040645,76.20427291674169,
268.0168895,0.084,5.384478701694496,4.292662016134437,0.3547298416922607,77.12612451283252,
268.044953,0.084,5.384478701694496,4.330264942905708,0.3579676963079928,77.80173512492064,
268.0734185,0.084,5.384478701694496,4.170854748603017,0.3448939437606035,74.93761713748225,
268.1020115,0.084,5.384478701694496,4.289016336662497,0.354729841693039,77.06062270350539,
268.1303495,0.084,5.384478701694496,4.244221109615159,0.3510687354436118,76.25578825675694,
268.158913,0.084,5.384478701694496,4.220545357256816,0.3491444403909527,75.83040675281806,
268.1874375,0.084,5.384478701694496,4.255253615541362,0.3520326635679046,76.45400894651884,
268.21557,0.084,5.384478701694496,4.339021646686995,0.3589699378749841,77.95906654854987,
268.24382949999995,0.084,5.384478701694496,4.217422924955113,0.3489129939832087,75.77430610907327,
268.2725895,0.084,5.384478701694496,4.188657516113948,0.3465192150984089,75.2574789059048,
268.3013695,0.084,5.384478701694496,4.21177323180408,0.3484267400477456,75.67279824849908,
268.3297955,0.084,5.384478701694496,4.293620340766211,0.3552338613661755,77.14334270159188,
268.358035,0.084,5.384478701694496,4.266309884858715,0.3530143606416779,76.65265659238813,
268.386344,0.084,5.384478701694496,4.271661182606792,0.3534885223302521,76.74880319206733,
268.4145745,0.084,5.384478701694496,4.289546009921142,0.3549816726122393,77.07013932641765,
268.443128,0.084,5.384478701694496,4.175734255418644,0.3455971484193438,75.025287084198,
268.4713385,0.084,5.384478701694496,4.395839442781079,0.3638413542302704,78.97991011825704,4.2572559763620035
268.499608,0.084,5.384478701694496,4.158285366576794,0.3441935951573506,74.71178344278182,4.255056357069233
268.5285735,0.084,5.384478701694496,4.183511409923366,0.3463032266392407,75.16501897653713,4.253153543926771
268.5570885,0.084,5.384478701694496,4.291273442482764,0.3552086263662186,77.10117605335641,4.252697565445862
268.585378,0.084,5.384478701694496,4.250720703580185,0.3517973732059976,76.37256625873923,4.253666662056607
268.6140395,0.084,5.384478701694496,4.182322386363175,0.3460635550530956,75.14365582732871,4.254893033547664
268.642554,0.084,5.384478701694496,4.296811934884476,0.3554737728228474,77.200685973537,4.257827022310079
268.6706665,0.084,5.384478701694496,4.3036089224071965,0.3559672393710646,77.32280723629172,4.25613628916495
268.6988085,0.084,5.384478701694496,4.289407729531796,0.3547298416929554,77.06765484697661,4.257180200491577
268.7272545,0.084,5.384478701694496,4.213634623301743,0.3484267400473331,75.70624181146218,4.2533969012684
268.75527850000003,0.084,5.384478701694496,4.422467788918971,0.365677325549045,79.45834078251214,4.256120325251992
268.783548,0.084,5.384478701694496,4.142636155920261,0.3425665464817802,74.43061456317126,4.256488823162931
268.8122295,0.084,5.384478701694496,4.292337023676343,0.3549816726109268,77.12028538347772,4.258642540501157
268.8403715,0.084,5.384478701694496,4.301033937829276,0.3557140085708043,77.27654256871973,4.257453112007864
268.8686705,0.084,5.384478701694496,4.244580646886126,0.3510687354435333,76.26224805168684,4.258403977268609
268.8976755,0.084,5.384478701694496,4.094545967453442,0.3387030406089705,73.56657964740181,4.25601614253643
268.925984,0.084,5.384478701694496,4.461282126735148,0.3691190949753639,80.15571677904806,4.25367877026873
268.953979,0.084,5.384478701694496,4.18174055883515,0.3460515801825406,75.13320215028571,4.258941032884555
268.982935,0.084,5.384478701694496,4.164367209485232,0.3446680968306811,74.82105572456423,4.2514836820077475
269.011734,0.084,5.384478701694496,4.226063556148294,0.3498528642770019,75.92955206013346,4.254081343897312
269.040023,0.084,5.384478701694496,4.314305696073892,0.3572260604212463,77.51499583502189,4.258179328286884
269.0683805,0.084,5.384478701694496,4.204773129979039,0.3481841209986132,75.54702763741174,4.258088563393258
269.0966795,0.084,5.384478701694496,4.331939338849506,0.3587252854014022,77.83181894460171,4.257961313414249
269.1245075,0.084,5.384478701694496,4.346910716299691,0.3599907658393018,78.1008092161422,4.25620710029529
269.1529045,0.084,5.384478701694496,4.161369697177321,0.3446562183437239,74.76719951445037,4.255275348255802
269.181478,0.084,5.384478701694496,4.291790511973296,0.3554737728239192,77.11046622476023,4.252424135746057
269.2098945,0.084,5.384478701694496,4.2066061738757865,0.3484267400488935,75.57996187991363,4.253904843105321
269.2382425,0.084,5.384478701694496,4.312742764380827,0.3572133005448922,77.48691469005607,4.256189382316008
269.26661,0.084,5.384478701694496,4.201554942996851,0.3479539456781772,75.4892065723102,4.250689955588235
269.2950655,0.084,5.384478701694496,4.287153338641973,0.3549816726127515,77.02715027619617,4.253222767594816
269.3233545,0.084,5.384478701694496,4.251990343500959,0.3520326635686143,76.395377839583,4.253801798004116
269.3516045,0.084,5.384478701694496,4.299590168984744,0.3559672393719192,77.25060241893561,4.251635204882264
269.38007000000005,0.084,5.384478701694496,4.188086966980535,0.3467715424251413,75.2472278674259,4.252434298117842
269.4088395,0.084,5.384478701694496,4.207737980551671,0.3484267400493318,75.60029701514688,4.255855325581862
269.4370405,0.084,5.384478701694496,4.359913446972513,0.3610043845092172,78.33442887245559,4.253578992918172
269.4654965,0.084,5.384478701694496,4.1348321620928,0.3423437365640591,74.29040044955788,4.258834762686546
269.49431500000003,0.084,5.384478701694496,4.249203532711544,0.3517973732056247,76.3453072970781,4.259279741525157
269.5224865,0.084,5.384478701694496,4.326940863558395,0.358211316107543,77.74201149499874,4.262599282150804
269.55053050000004,0.084,5.384478701694496,4.288096671205893,0.3549816726125495,77.04409910294014,4.261354170001361
269.578839,0.084,5.384478701694496,4.24626695431486,0.3515500387123749,76.29254588464612,4.261194801321489
269.6077165,0.084,5.384478701694496,4.120924927199631,0.3411990942158934,74.04052959413805,4.260519265722606
269.636535,0.084,5.384478701694496,4.264200613502355,0.3530143606428426,76.61475937973768,4.256570610941296
269.6650695,0.084,5.384478701694496,4.203816484566093,0.3479418396173985,75.52983961912467,4.2664587127940345
269.6933585,0.084,5.384478701694496,4.341232487106072,0.3592407318041245,77.9987886493812,4.260518171744739
269.721353,0.084,5.384478701694496,4.293593495675792,0.3552212434173931,77.1428603766899,4.264399081320727
269.7497205,0.084,5.384478701694496,4.229987853446912,0.3498651036943759,76.00005978725963,4.263020840285914
269.778304,0.084,5.384478701694496,4.231284576150568,0.3498528642758534,76.02335796361848,4.264500405492899
269.806623,0.084,5.384478701694496,4.312603088001855,0.3564620779561167,77.48440512891298,4.263735454309832
269.834971,0.084,5.384478701694496,4.225203178564488,0.3491444403899258,75.91409368292899,4.264418018604463
269.863456,0.084,5.384478701694496,4.272548910131333,0.3530143606410406,76.76475296480368,4.263076899461868
269.89198,0.084,5.384478701694496,4.214281928694163,0.3481962439234937,75.71787192725185,4.26978223741
269.92015200000003,0.084,5.384478701694496,4.381610483505972,0.3620106227313469,78.72425885090472,4.268240345814197
269.947828,0.084,5.384478701694496,4.365692500728275,0.360652871144068,78.4382609509789,4.269149713376672
269.9761745,0.084,5.384478701694496,4.179941468836607,0.3452511474497725,75.1008779564135,4.268498427259047
270.00459950000004,0.084,5.384478701694496,4.342247478045915,0.358622373574457,78.01702495992964,4.268677010697902
270.0327205,0.084,5.384478701694496,4.27072677084338,0.3526533554006084,76.73201464506776,4.266433865781634
270.0613225,0.084,5.384478701694496,4.199195226183541,0.3466633571541926,75.44680961394862,4.266448903284549
270.0898065,0.084,5.384478701694496,4.308295592888605,0.3556128171065928,77.40701249860707,4.265773254621142
270.1182615,0.084,5.384478701694496,4.208707798953805,0.3473617377805265,75.61772171211969,4.271176666683213
270.1460975,0.084,5.384478701694496,4.507453262023198,0.3719886857399252,80.98527212622902,4.270940433998295
270.174375,0.084,5.384478701694496,4.083871575247914,0.3370251194056243,73.37479317568614,4.274125979727329
270.2031635,0.084,5.384478701694496,4.342438009035407,0.358365352174486,78.02044822427327,4.270439117344803
270.231324,0.084,5.384478701694496,4.26450432816234,0.3519211710126206,76.62021621155772,4.271517473101021
270.259779,0.084,5.384478701694496,4.2533397252413385,0.3509578525649817,76.4196221392117,4.270395613346004
270.288253,0.084,5.384478701694496,4.260380047234666,0.3514512022681745,76.54611538480776,4.271685264900681
270.3166585,0.084,5.384478701694496,4.275880093813015,0.352653355399501,76.82460423807952,4.27231191089822
270.3450935,0.084,5.384478701694496,4.252650998993957,0.3507239963696948,76.40724781621326,4.272466763024364
270.373057,0.084,5.384478701694496,4.422773795165148,0.3647836395313475,79.46383878718981,4.273028457088292
270.401355,0.084,5.384478701694496,4.153771774698549,0.3426839313969492,74.63068787832945,4.272155786410671
270.42974100000004,0.084,5.384478701694496,4.391741311659144,0.3624567233037215,78.90627912425093,4.269989525368564
270.458264,0.084,5.384478701694496,4.112037147975926,0.3394964118103622,73.88084314212443,4.270086685085861
270.4872195,0.084,5.384478701694496,4.255453953071459,0.3514388516218704,76.45760840467157,4.270381288630564
270.515694,0.084,5.384478701694496,4.248430791489028,0.3509578525653481,76.33142347964267,4.265859081979445
270.5440505,0.084,5.384478701694496,4.288622983807898,0.35437787812136,77.05355534503941,4.268432583901382
270.5724855,0.084,5.384478701694496,4.2226192510956,0.3490347696153151,75.86766833871401,4.269938426831047
270.600842,0.084,5.384478701694496,4.310044349372129,0.3563604604710514,77.43843235178534,4.268573325726666
270.6290805,0.084,5.384478701694496,4.255932469530229,0.3519335555887576,76.46620589495659,4.269545085609485
270.6572995,0.084,5.384478701694496,4.315310585082309,0.3568563937353283,77.5330506444836,4.264007258194367
270.685666,0.084,5.384478701694496,4.212192303717646,0.348317519643463,75.68032770049507,4.269628672134207
270.713983,0.084,5.384478701694496,4.331335947143385,0.3581215228724621,77.82097782464365,4.265358586919846
270.742379,0.084,5.384478701694496,4.190722762021337,0.3464111871977341,75.29458511468718,4.267190959389013
270.7709615,0.084,5.384478701694496,4.276422380564269,0.353401081064331,76.83434748721994,4.265808457390318
270.799072,0.084,5.384478701694496,4.334535697915715,0.3581215228710633,77.87846764693788,4.266518453270858
270.82734000000005,0.084,5.384478701694496,4.230623002979533,0.3495105079418861,76.01147149909556,4.264839469941198
270.8557455,0.084,5.384478701694496,4.292208202368829,0.3546292093483074,77.11797085506484,4.266680811304882
270.88430800000003,0.084,5.384478701694496,4.183738454977416,0.3457166199630319,75.16909828793943,4.259701491945222
270.912822,0.084,5.384478701694496,4.30579134703221,0.355853240904303,77.36201879143769,4.265220308003497
270.9407175,0.084,5.384478701694496,4.3690930908336565,0.3611608327211206,78.49935924730387,4.261963802994696
270.9689955,0.084,5.384478701694496,4.190252592901252,0.3464231869719475,75.28613760077589,4.268405110678059
270.997882,0.084,5.384478701694496,4.183970245256749,0.3459558110445396,75.17326285665635,4.268751106118864
271.026199,0.084,5.384478701694496,4.3607993381112,0.3606528711458175,78.35034565090457,4.269696806456435
271.0542805,0.084,5.384478701694496,4.2518997287217895,0.3516860296256645,76.39374976667285,4.270338657053736
271.082686,0.084,5.384478701694496,4.260517054235248,0.3524172348258402,76.54857698531262,4.269984084941782
271.111121,0.084,5.384478701694496,4.242719394852504,0.3509578525672938,76.22880699446982,4.266872168873743
271.1393795,0.084,5.384478701694496,4.313629302494065,0.3568563937356835,77.50284309267663,4.26901103815778
271.16751,0.084,5.384478701694496,4.280621063142316,0.3541394432250424,76.90978508610083,4.268151599148281
271.19604300000003,0.084,5.384478701694496,4.19298502653276,0.3468918275049095,75.33523115058128,4.2720202310832915
271.2244195,0.084,5.384478701694496,4.328637364583174,0.3581086989430898,77.77249247598012,4.26597949125887
271.25275650000003,0.084,5.384478701694496,4.204952155287003,0.3478450214543843,75.55024417953435,4.270669593365496
271.2812405,0.084,5.384478701694496,4.28522990305356,0.3543778781220858,76.99259196899034,4.268228802503534
271.30969500000003,0.084,5.384478701694496,4.217115677274919,0.3485603247114395,75.76878579958932,4.268053719736764
271.33806100000004,0.084,5.384478701694496,4.317097946722922,0.356614612899143,77.5651641153148,4.269110860830849
271.3665745,0.084,5.384478701694496,4.178497617577065,0.345012929496251,75.07493632588147,4.266801308492991
271.395,0.084,5.384478701694496,4.346930336738138,0.3588668856402798,78.10116173594763,4.270952653610107
271.4230915,0.084,5.384478701694496,4.277763636351118,0.3531514870944406,76.85844578809508,4.268136307033964
271.4512125,0.084,5.384478701694496,4.337482916893651,0.3581086989412384,77.93142023836123,4.266538149262361
271.47936300000003,0.084,5.384478701694496,4.267563793499602,0.3524172348243171,76.67518552981699,4.269093194607726
271.50769,0.084,5.384478701694496,4.28153030330402,0.3536385223587075,76.92612137571787,4.271470173323831
271.5358695,0.084,5.384478701694496,4.311087754713418,0.3561193509970352,77.45717918299803,4.26998636154516
271.5642845,0.084,5.384478701694496,4.210209227177205,0.347845021453217,75.64469782616496,4.267785074964501
271.59306300000003,0.084,5.384478701694496,4.2011272869907765,0.3471326481954724,75.48152289019193,4.267261681421745
271.62143949999995,0.084,5.384478701694496,4.3307928944715295,0.3578524130842577,77.81122081423166,4.268697533574899
271.649531,0.084,5.384478701694496,4.285230219749826,0.3541394432233417,76.99259765906227,4.266094690055971
271.6775635,0.084,5.384478701694496,4.347594421443032,0.3593698249484621,78.11309332512101,4.267243908368289
271.706156,0.084,5.384478701694496,4.119910053288655,0.3406296387988332,74.02229538624361,4.268431743429783
271.7347185,0.084,5.384478701694496,4.354876335753222,0.3601463365050843,78.24392725233646,4.267587112824116
271.7630255,0.084,5.384478701694496,4.190994700395635,0.3466633571560235,75.29947102297372,4.269993824067537
271.7914115,0.084,5.384478701694496,4.328407801078724,0.358108698943138,77.76836791565803,4.269752132014733
271.8195325,0.084,5.384478701694496,4.267622941272521,0.3531514870966237,76.67624823600761,4.270949361794554
271.848036,0.084,5.384478701694496,4.211373870543797,0.348560324712711,75.66562293719564,4.267966892775779
271.8763335,0.084,5.384478701694496,4.329035534076486,0.3583653521772882,77.77964637484357,4.270975519805964
271.904641,0.084,5.384478701694496,4.207219216867181,0.3483175196445671,75.59097640421308,4.268245268554967
271.9329975,0.084,5.384478701694496,4.3131575688275765,0.3571112543388081,77.49436746860891,4.271198602783643
271.9611085,0.084,5.384478701694496,4.279679179989008,0.3543778781232767,76.8928623008721,4.26649703065772
271.989367,0.084,5.384478701694496,4.267164500320404,0.3533885929878597,76.66801144172429,4.266767554987476
272.017527,0.084,5.384478701694496,4.3088659258577735,0.3568691281263787,77.41725965326972,4.26647637866306
272.04600100000005,0.084,5.384478701694496,4.174854698398691,0.3457166199650324,75.00948411066268,4.265531655669612
272.074701,0.084,5.384478701694496,4.242198280238816,0.351204354153555,76.21944414446448,4.267063450884375
272.1030085,0.084,5.384478701694496,4.292974220212884,0.3553600901700889,77.1317338737692,4.26971872718335
272.131385,0.084,5.384478701694496,4.222529779331561,0.3495105079436676,75.86606080232104,4.267585855410305
272.1596725,0.084,5.384478701694496,4.320843704073442,0.3576220692686192,77.63246402076398,4.266502214849511
272.187921,0.084,5.384478701694496,4.234559253685057,0.3504658860814748,76.0821939927107,4.264990082781222
272.21623850000003,0.084,5.384478701694496,4.299075293384843,0.3558659037952062,77.24135166509632,4.265604228421258
272.244369,0.084,5.384478701694496,4.289187048806767,0.355120332096892,77.06368988327526,4.262680951005477
272.27256850000003,0.084,5.384478701694496,4.276770681205404,0.3541269029080575,76.84060539397224,4.26458660987941
272.30086600000004,0.084,5.384478701694496,4.259018719568632,0.35266579156729,76.52165645310556,4.264333489099562
272.3293795,0.084,5.384478701694496,4.212711531065831,0.3487913032995597,75.68965664206002,4.264860861932163
272.3578145,0.084,5.384478701694496,4.283799563633491,0.3546292093493909,76.96689310525655,4.2688968678189845
272.3861215,0.084,5.384478701694496,4.251371542953274,0.3519335555897493,76.38425986944934,4.265079370654429
272.41411500000004,0.084,5.384478701694496,4.381130334354758,0.3626933396170392,78.7156320260855,4.266573702732176
272.44237350000003,0.084,5.384478701694496,4.172927892486355,0.3454896946126056,74.97486524895209,4.263796549740691
272.47096550000003,0.084,5.384478701694496,4.277032145041087,0.3541269029080012,76.84530310655028,4.262987083843222
272.499224,0.084,5.384478701694496,4.271339131949441,0.3536385223608988,76.74301691795469,4.263970232076602
272.527482,0.084,5.384478701694496,4.278022449942744,0.3541394432256008,76.86309588382083,4.264281957727973
272.5557695,0.084,5.384478701694496,4.263822059693908,0.3529022454583329,76.60795791527218,4.264717249162184
272.5840085,0.084,5.384478701694496,4.294061957454918,0.3553600901698568,77.15127721485945,4.265896776264659
272.6122765,0.084,5.384478701694496,4.256142382414951,0.3521814302488869,76.46997739320709,4.264275468142046
272.6407015,0.084,5.384478701694496,4.247302800122018,0.3514388516236431,76.31115689394493,4.265164213043228
272.6689995,0.084,5.384478701694496,4.294669799052938,0.3553600901697271,77.16219828588642,4.265057720940328
272.6976605,0.084,5.384478701694496,4.14140515068987,0.3426956743165479,74.40849713060419,4.266350268692025
272.7264585,0.084,5.384478701694496,4.252561626200901,0.3519335555894903,76.40564205802885,4.261771496670542
272.754854,0.084,5.384478701694496,4.257692760983274,0.3524172348264528,76.49783299657234,4.262034250591761
272.783024,0.084,5.384478701694496,4.319548573784074,0.3576092810851068,77.60919445526295,4.261130161707825
272.811096,0.084,5.384478701694496,4.286080990413549,0.3548683044630404,77.00788342903333,4.261819562323676
272.83906,0.084,5.384478701694496,4.352634076582572,0.360392931921243,78.20364065177588,4.2666961358805215
272.86732800000004,0.084,5.384478701694496,4.195423133317003,0.347373803506967,75.37903653910483,4.263821935394407
272.8959,0.084,5.384478701694496,4.259520839588346,0.352665791567181,76.53067802783362,4.264950019287344
272.924404,0.084,5.384478701694496,4.215957214125619,0.3490225882282414,75.74797172832992,4.2615028883834825
272.9529375,0.084,5.384478701694496,4.251347873577581,0.3519335555897545,76.38383460251474,4.2632404591962185
272.981186,0.084,5.384478701694496,4.301574688488718,0.3561066700647526,77.28625821894651,4.26550639819389
273.0092085,0.084,5.384478701694496,4.319776323655742,0.3576220692688442,77.61328643010143,4.2602342465358705
273.037604,0.084,5.384478701694496,4.190089898596069,0.346891827506242,75.28321447727073,4.263635405690033
273.0661175,0.084,5.384478701694496,4.283481728825463,0.3546292093494591,76.96118257717715,4.261791939205534
273.094474,0.084,5.384478701694496,4.236228435921388,0.3507116967865107,76.11218413787238,4.264044728269061
273.122929,0.084,5.384478701694496,4.253635850872954,0.3521690282228444,76.42494261919582,4.261698980950069
273.151116,0.084,5.384478701694496,4.317116480471964,0.3574303425012031,77.56549711060559,4.262867128944781
273.1792175,0.084,5.384478701694496,4.279798424994455,0.3543025482113254,76.89500477216451,4.261905966470136
273.2079245,0.084,5.384478701694496,4.138818272632888,0.3426017535125511,74.362018773265,4.26523502446225
273.236573,0.084,5.384478701694496,4.298383436049447,0.3557772824856889,77.2289210859372,4.263792578686595
273.2648575,0.084,5.384478701694496,4.245127570267666,0.3513647659661399,76.27207460701896,4.263509263437406
273.293191,0.084,5.384478701694496,4.2831477411233845,0.3545412028762709,76.95518183055432,4.259537474584575
273.321073,0.084,5.384478701694496,4.383391605555424,0.3628775882288627,78.7562602151962,4.261329622774561
273.349289,0.084,5.384478701694496,4.1832025466195,0.3463392060147131,75.1594696391931,4.258215363617744
273.3777995,0.084,5.384478701694496,4.29085447920606,0.3552843421249684,77.09364855323552,4.258696471157564
273.40604499999995,0.084,5.384478701694496,4.26048075271962,0.3528150939843781,76.54792475711393,4.259377021746987
273.434477,0.084,5.384478701694496,4.233742870932087,0.3506379173749137,76.06752606925923,4.260809190262849
273.4625945,0.084,5.384478701694496,4.356340009959581,0.3608220328262703,78.27022504113548,4.2630463401659515
273.491223,0.084,5.384478701694496,4.086813823918783,0.3385081413847331,73.42765646575747,4.262665217925691
273.519724,0.084,5.384478701694496,4.397063020338438,0.3641725890167953,79.00189409805448,4.259106101417252
273.547832,0.084,5.384478701694496,4.199300732736452,0.3477603497544692,75.44870524689297,4.259501584701165
273.576018,0.084,5.384478701694496,4.372909574678366,0.3621154887494029,78.56792989346748,4.260259073733179
273.604293,0.084,5.384478701694496,4.174041226250193,0.3456210361226667,74.99486848195096,4.260244385440491
273.632843,0.084,5.384478701694496,4.288187979936974,0.3550446862241988,77.04573964406264,4.2613958326470875
273.66109800000004,0.084,5.384478701694496,4.261029112440353,0.3528150939842592,76.55777711910751,4.256657548631003
273.6894515,0.084,5.384478701694496,4.257922180413849,0.3525787568336209,76.5019549683236,4.257646736814271
273.7180015,0.084,5.384478701694496,4.202076024052975,0.3479902689149227,75.49856881938784,4.263181233474171
273.746581,0.084,5.384478701694496,4.247776727261664,0.3518468818768762,76.31967192807643,4.2601924309450565
273.775229,0.084,5.384478701694496,4.1805359639349895,0.3463392060146318,75.11155923129787,4.260049799989184
273.803543,0.084,5.384478701694496,4.34880617706305,0.3603150232094069,78.1348649005391,4.261305984091641
273.831641,0.084,5.384478701694496,4.243635006093975,0.3515994777836715,76.24525775307825,4.257488402918639
273.860191,0.084,5.384478701694496,4.212261897210717,0.3489495177506835,75.68157808461376,4.258067935092182
273.8886135,0.084,5.384478701694496,4.283340110218163,0.354780179287697,76.9586381200783,4.258453803867046
273.91685900000004,0.084,5.384478701694496,4.266083112180783,0.3533136830528273,76.64858217475903,4.260157628731821
273.94495700000004,0.084,5.384478701694496,4.329648120186169,0.3585323741586419,77.79065269036356,4.259855955872414
273.972986,0.084,5.384478701694496,4.288235410079599,0.3550446862241886,77.04659181995537,4.256905166602277
274.00146700000005,0.084,5.384478701694496,4.195207245860401,0.3472773011839992,75.37515769590776,4.262863171824123
274.0302335,0.084,5.384478701694496,4.203931813533004,0.3479902689145092,75.53191173107489,4.258701654084878
274.0586165,0.084,5.384478701694496,4.309993844945943,0.3567800064805116,77.43752494033579,4.2609676762129824
274.08689100000004,0.084,5.384478701694496,4.235714345677303,0.3506379173744809,76.1029474944965,4.259380080760881
274.11521500000003,0.084,5.384478701694496,4.293936503103858,0.3555243217989683,77.14902318044811,4.258962562047093
274.143824,0.084,5.384478701694496,4.151276539908993,0.3437676593821386,74.58585607271684,4.2580793387735545
274.172364,0.084,5.384478701694496,4.314420011408836,0.3572771090455853,77.5170497350782,4.259857802688756
274.200295,0.084,5.384478701694496,4.332525655729402,0.3587896352918195,77.84235328168971,4.260353095400873
274.2286285,0.084,5.384478701694496,4.193775347530447,0.3472893610422015,75.3494308232887,4.258754796766004
274.257267,0.084,5.384478701694496,4.240135486812069,0.3511057119760318,76.18238199932526,4.261022821226097
274.2854635,0.084,5.384478701694496,4.3271141847094166,0.3582883175854371,77.74512555071152,4.2676023045769025
274.31363,0.084,5.384478701694496,4.249776264500369,0.35184688187644,76.35559755125868,4.26110404425701
274.3422095,0.084,5.384478701694496,4.203486172693492,0.3479902689139201,75.52390491601538,4.263596506531809
274.370612,0.084,5.384478701694496,4.304359886326287,0.356284285373,77.33629978159594,4.26649289271983
274.3986315,0.084,5.384478701694496,4.320114622986743,0.3575197894011227,77.61936464362658,4.266538061654727
274.426926,0.084,5.384478701694496,4.223184320852851,0.349437233032567,75.87782092941237,4.264678754065448
274.455446,0.084,5.384478701694496,4.253062385504791,0.3518468818757246,76.41463918481814,4.261734121174478
274.4837305,0.084,5.384478701694496,4.2953440066834245,0.3552843421240099,77.17431175334808,4.261455229092476
274.5120255,0.084,5.384478701694496,4.251409899464841,0.3515871167099318,76.38494901969594,4.264327360350825
274.54037900000003,0.084,5.384478701694496,4.278611507220085,0.3538136833809801,76.87367945754424,4.265747302018834
274.568516,0.084,5.384478701694496,4.317343733854823,0.357022011726284,77.56958016504511,4.265389499438251
274.5970565,0.084,5.384478701694496,4.159428071267604,0.3439923273585807,74.73231438230921,4.266644478233323
274.625793,0.084,5.384478701694496,4.257275165363126,0.352094634406843,76.49033006909413,4.265303149068085
274.653979,0.084,5.384478701694496,4.323275349472384,0.3575325711848154,77.67615331777942,4.267949774598502
274.68210650000003,0.084,5.384478701694496,4.275257425337989,0.3535510068736477,76.81341677301597,4.265513192730539
274.71083350000004,0.084,5.384478701694496,4.146135571832562,0.3428366521215027,74.49348845968579,4.2662272447573395
274.7393935,0.084,5.384478701694496,4.3271575833649285,0.3577755988473998,77.74590529300107,4.2639877058681455
274.767079,0.084,5.384478701694496,4.41081788121317,0.3647038210213947,79.24902725423912,4.269019498047045
274.79546200000004,0.084,5.384478701694496,4.121367065866803,0.3407689214328624,74.0484734857764,4.266660909158889
274.8241,0.084,5.384478701694496,4.330871185711933,0.358044593067546,77.8126274705053,4.265155443225819
274.8520895,0.084,5.384478701694496,4.313635413791482,0.3565256183206577,77.50295289416664,4.268481135351983
274.880237,0.084,5.384478701694496,4.284921022939543,0.3540391455492827,76.98704232961884,4.270395756030982
274.9087675,0.084,5.384478701694496,4.201007346556019,0.3470483229256907,75.47936792414278,4.2661742936080165
274.937494,0.084,5.384478701694496,4.226585969002215,0.3491932050828055,75.93893823558055,4.266349368907154
274.9659555,0.084,5.384478701694496,4.278474187209544,0.353551006873667,76.87121223319923,4.266738188726438
274.9941815,0.084,5.384478701694496,4.295731839902601,0.3550320817105059,77.18127994069663,4.266329840517035
275.0224855,0.084,5.384478701694496,4.25362977191333,0.3516118397220932,76.42483339871791,4.267675215132314
275.05078000000003,0.084,5.384478701694496,4.297470754625504,0.35527172058821,77.21252296726888,4.2674442501007785
275.07898650000004,0.084,5.384478701694496,4.279638603504826,0.3538011661247052,76.89213326444678,4.265155977663672
275.10735950000003,0.084,5.384478701694496,4.246989982320557,0.3511180392161268,76.305536506266,4.271342619487945
275.1358505,0.084,5.384478701694496,4.243908433473581,0.350871658744873,76.25017041427671,4.266406131177649
275.1644005,0.084,5.384478701694496,4.229139646030121,0.3496693757271815,75.98482007106622,4.264923328759716
275.192577,0.084,5.384478701694496,4.357517476667416,0.3603150232075976,78.2913805487382,4.265135845292918
275.22114650000003,0.084,5.384478701694496,4.115391486408655,0.3403166688101333,73.94111043608993,4.267576317291035
275.249529,0.084,5.384478701694496,4.416248213073538,0.3652366052308047,79.34659385734801,4.267479003982141
275.2774595,0.084,5.384478701694496,4.244563573623992,0.3511180392166561,76.26194129691876,4.261854015617103
275.306098,0.084,5.384478701694496,4.197084956842869,0.3472773011835795,75.40889447054518,4.265931375460798
275.334481,0.084,5.384478701694496,4.319885397109293,0.3575325711855294,77.61524614943828,4.263268563742016
275.362284,0.084,5.384478701694496,4.371371610091211,0.3618534375466823,78.54029733171456,4.261358315430826
275.3905785,0.084,5.384478701694496,4.172363438182938,0.3453942361992743,74.96472371609357,4.260435058183252
275.419335,0.084,5.384478701694496,4.229311956322676,0.3501468468634514,75.98791596471649,4.263708195139393
275.4477675,0.084,5.384478701694496,4.26667107917974,0.3533012011504526,76.65914615948472,4.263542371360308
275.476023,0.084,5.384478701694496,4.281051819354321,0.3545412028774354,76.91752446952232,4.263844519745632
275.50417,0.084,5.384478701694496,4.2984980109995945,0.3560306034210515,77.23097965049178,4.263414390439118
275.5323465,0.084,5.384478701694496,4.270527731116367,0.3538011661266669,76.72843850450255,4.261682220933885
275.5607195,0.084,5.384478701694496,4.237254198556083,0.3511180392182561,76.13061398312614,4.2622492346603975
275.58874849999995,0.084,5.384478701694496,4.375960535117183,0.3626275818803701,78.62274640448173,4.2602819845453395
275.617308,0.084,5.384478701694496,4.084498074502746,0.3385081413852797,73.38604946825092,4.260924685987517
275.646202,0.084,5.384478701694496,4.271377264844728,0.3540391455521946,76.74370205049456,4.261683413842697
275.674408,0.084,5.384478701694496,4.282695504000085,0.355044686225377,76.9470565002698,4.263145081049785
275.7027415,0.084,5.384478701694496,4.231552091766649,0.3508716587475819,76.02816440834613,4.257868563091717
275.73093800000004,0.084,5.384478701694496,4.323751617553579,0.358532374159883,77.68471041153468,4.264829813533899
275.75919350000004,0.084,5.384478701694496,4.21394328843687,0.3494250235365964,75.71178758831465,4.261084004361675
275.787645,0.084,5.384478701694496,4.264074660396145,0.3535635064368204,76.61249638420813,4.26222297618371
275.816018,0.084,5.384478701694496,4.237672775554535,0.351352421394963,76.13813454299773,4.262274993475227
275.84445,0.084,5.384478701694496,4.246776722899813,0.3520946344091294,76.30170488090718,4.260884271593364
275.872833,0.084,5.384478701694496,4.252607019274507,0.3525663268083792,76.40645763396606,4.259382713653341
275.90099,0.084,5.384478701694496,4.315567140020946,0.3577883989331161,77.53766015906156,4.262500511807256
275.9292545,0.084,5.384478701694496,4.2207821367342415,0.3499140699320628,75.83466096230146,4.261039878833069
275.957608,0.084,5.384478701694496,4.2890493806958805,0.3555243217992952,77.0612164046222,4.2634897359899755
275.985765,0.084,5.384478701694496,4.280677314174622,0.3547927659190565,76.91079574664323,4.257733664958273
276.0142465,0.084,5.384478701694496,4.19300383923016,0.347506581813034,75.3355691577285,4.259881179563819
276.04261,0.084,5.384478701694496,4.317316235053437,0.3577883989327461,77.56908609493857,4.258936108808018
276.070914,0.084,5.384478701694496,4.21078484947782,0.3489495177510116,75.65504001408068,4.260375637112461
276.0993755,0.084,5.384478701694496,4.269484532796737,0.3538011661261809,76.70969539284155,4.255983421435474
276.1276405,0.084,5.384478701694496,4.270463908404904,0.3538011661266808,76.72729180383696,4.260170274243564
276.15587600000003,0.084,5.384478701694496,4.280297998278223,0.3545412028768829,76.90398058976729,4.260709140123435
276.18444550000004,0.084,5.384478701694496,4.172839348134982,0.3456329812125259,74.97327437535355,4.258082249785645
276.2127595,0.084,5.384478701694496,4.359035251885034,0.3610825916694515,78.31865036871855,4.262220711827754
276.2406905,0.084,5.384478701694496,4.28514489204571,0.3550320817127689,76.99106457886464,4.257769891123816
276.268857,0.084,5.384478701694496,4.284427587395251,0.3550446862250049,76.97817678858974,4.258352408713426
276.2973085,0.084,5.384478701694496,4.198905562045952,0.3479902689156305,75.44160522742608,4.259388747015649
276.3258,0.084,5.384478701694496,4.271210131244043,0.3540391455522307,76.74069916630563,4.259995886322606
276.35388850000004,0.084,5.384478701694496,4.318817082190447,0.358031774648572,77.59605176862279,4.2596817480229845
276.38194,0.084,5.384478701694496,4.28148637356997,0.35496907257578,76.9253320915568,4.2615052664486095
276.410457,0.084,5.384478701694496,4.178189802226117,0.3464831983149506,75.06940581707482,4.259078326129552
276.438739,0.084,5.384478701694496,4.352416079671469,0.3609913532787088,78.1997239080756,4.260388921991911
276.467366,0.084,5.384478701694496,4.079589333244749,0.3383935995305514,73.2978542672212,4.257858322327126
276.495924,0.084,5.384478701694496,4.373661022193691,0.3627986016218696,78.58143112753015,4.257170800763414
276.523931,0.084,5.384478701694496,4.237450254663316,0.3515006135451729,76.13413651708785,4.258668336185894
276.552213,0.084,5.384478701694496,4.287637689211614,0.3557013564914514,77.03585258776917,4.255967468549425
276.580544,0.084,5.384478701694496,4.222232986422602,0.3502940235225228,75.86072833338572,4.2577659542976765
276.6090625,0.084,5.384478701694496,4.23103792278591,0.3510194455179502,76.01892635031125,4.258948754320568
276.637355,0.084,5.384478701694496,4.290237570640212,0.3559292317700736,77.08256457628048,4.261697199848848
276.665785,0.084,5.384478701694496,4.190754342177438,0.3476636325617899,75.29515251436655,4.261230498217744
276.6939395,0.084,5.384478701694496,4.376398263240444,0.3630488439326406,78.63061105201524,4.262674690108806
276.722173,0.084,5.384478701694496,4.1679728929157855,0.3457644317182415,74.88583892626366,4.260550025859354
276.7508685,0.084,5.384478701694496,4.2343314040732265,0.3512660336682136,76.07810022584385,4.25975468485199
276.77912100000003,0.084,5.384478701694496,4.300346500973942,0.3566909293413692,77.26419141218798,4.25854502859703
276.807295,0.084,5.384478701694496,4.258922651298045,0.3532138525305383,76.51993039748525,4.259343455242709
276.8356855,0.084,5.384478701694496,4.23578188241305,0.351266033668596,76.10416092492055,4.258732455890497
276.8638895,0.084,5.384478701694496,4.316430164171377,0.3579292603170507,77.55316608704601,4.255191439736752
276.892113,0.084,5.384478701694496,4.230624228853932,0.3507855072560846,76.01149352434265,4.2562546564954244
276.9205035,0.084,5.384478701694496,4.266652991916793,0.353701059955398,76.65882118619567,4.2573733992694915
276.9490025,0.084,5.384478701694496,4.200478392428383,0.3481356377324525,75.46986422183491,4.257707804420366
276.97754050000003,0.084,5.384478701694496,4.256614059444701,0.3527279855483154,76.47845199968428,4.260574780596578
277.00593100000003,0.084,5.384478701694496,4.245417579016991,0.3517478784678703,76.2772851851698,4.25857173970722
277.0344395,0.084,5.384478701694496,4.222785867777021,0.3498161511629545,75.87066193543066,4.258854146712497
277.0628595,0.084,5.384478701694496,4.273731850666625,0.3539514316819508,76.78600682049351,4.259140827118409
277.0909945,0.084,5.384478701694496,4.310882533597928,0.3569328137103483,77.45349198161892,4.261292908407558
277.118834,0.084,5.384478701694496,4.366659501894723,0.361513337499973,78.45563503076603,4.261818195965487
277.146831,0.084,5.384478701694496,4.263963441189559,0.3529645228773267,76.61049811219344,4.258978929603544
277.1753005,0.084,5.384478701694496,4.223386064322175,0.3495715938502285,75.8814456480313,4.260139647983621
277.203701,0.084,5.384478701694496,4.2846720031542045,0.3546920978717044,76.9825681989051,4.25699405763141
277.2319835,0.084,5.384478701694496,4.25730795678798,0.3524793411580023,76.4909192316014,4.260669977323259
277.2604035,0.084,5.384478701694496,4.242089618471642,0.3512660336672128,76.2174918218839,4.263857689667618
277.2889215,0.084,5.384478701694496,4.226850494644682,0.3500610509153192,75.94369095954558,4.262340894445216
277.3174105,0.084,5.384478701694496,4.2498251539166745,0.3519831026027195,76.35647594587608,4.258687879680405
277.346008,0.084,5.384478701694496,4.194881516809337,0.3474220747848188,75.36930533221003,4.259320175457738
277.37437850000003,0.084,5.384478701694496,4.3186989601235455,0.3576988175846489,77.59392947313219,4.261144559059616
277.4026705,0.084,5.384478701694496,4.217345799318432,0.3493273782598265,75.77292039516533,4.260474996295175
277.4308155,0.084,5.384478701694496,4.3641202599520605,0.3615002694969288,78.41001255000656,4.264845982750184
277.45908799999995,0.084,5.384478701694496,4.179933499412172,0.3462432776238489,75.10073477001332,4.262638728910689
277.487557,0.084,5.384478701694496,4.303554591066159,0.3564366681536035,77.32183106678244,4.2637633597471485
277.5158,0.084,5.384478701694496,4.247334499848023,0.3517478784674516,76.31172644193303,4.265979706014262
277.544063,0.084,5.384478701694496,4.297671503418536,0.3559292317684844,77.21612981456992,4.268132272398144
277.5721585,0.084,5.384478701694496,4.297555831542818,0.3559419000678904,77.21405154158786,4.264832816803839
277.600411,0.084,5.384478701694496,4.249422987313412,0.351995491536006,76.34925023106285,4.26410694792069
277.629018,0.084,5.384478701694496,4.190863247972233,0.3471808524679686,75.29710922138378,4.262711853536857
277.657684,0.084,5.384478701694496,4.231379485480142,0.3505395931037034,76.02506319658177,4.260037614078917
277.6860945,0.084,5.384478701694496,4.266302600913046,0.3534510422046802,76.65252572196356,4.264000524584469
277.7142885,0.084,5.384478701694496,4.29663008213048,0.3559419000680879,77.19741863077977,4.262155277185336
277.7422265,0.084,5.384478701694496,4.345901336125786,0.3599648504617218,78.08267371405032,4.264578577488183
277.770332,0.084,5.384478701694496,4.247258668189883,0.3517478784681714,76.3103639768972,4.264017977197298
277.799165,0.084,5.384478701694496,4.131067134529654,0.3420510068471574,74.2227543167997,4.264731366362992
277.8279685,0.084,5.384478701694496,4.257912234619726,0.3524793411578711,76.50177627255088,4.264120124171817
277.855946,0.084,5.384478701694496,4.380283590237083,0.3625355610970484,78.70041860094165,4.266315834404136
277.8841005,0.084,5.384478701694496,4.207189532098532,0.348135637730957,75.59044305890092,4.266832622312275
277.91213700000003,0.084,5.384478701694496,4.419637517842091,0.3656639547612372,79.40748939037829,4.2681446696181355
277.9404685,0.084,5.384478701694496,4.123224508046082,0.341129262698015,74.08184609145931,4.26299784152845
277.9691935,0.084,5.384478701694496,4.295976138720752,0.3554358705233092,77.18566924994022,4.267759525671887
277.9972395,0.084,5.384478701694496,4.322989698365979,0.3576988175837442,77.67102103326296,4.266489250316503
278.025276,0.084,5.384478701694496,4.2981256912128805,0.3556760550240878,77.22429019250026,4.266575299658256
278.05386350000003,0.084,5.384478701694496,4.158250904865955,0.3441343743002079,74.71116427029838,4.2632415219573865
278.08249,0.084,5.384478701694496,4.285477122687706,0.354692097872247,76.9970337564438,4.2630942884022485
278.11057600000004,0.084,5.384478701694496,4.317831198460548,0.3574303425003259,77.57833842640727,4.263716147482934
278.1390455,0.084,5.384478701694496,4.170365060161673,0.34529883052563,74.92881892053491,4.264004481747371
278.167367,0.084,5.384478701694496,4.362087932016502,0.3612521568201418,78.37349777739702,4.26479245455522
278.1955115,0.084,5.384478701694496,4.2200883441845365,0.3495715938509571,75.82219561320723,4.2668890885239446
278.223715,0.084,5.384478701694496,4.342123467387622,0.3597188403516408,78.01479686430122,4.266221275680561
278.2519085,0.084,5.384478701694496,4.2224686082907,0.3498161511630246,75.86496174413843,4.263135689835834
278.28039750000005,0.084,5.384478701694496,4.251819115443956,0.3522310470901147,76.39230139042516,4.2622089956593685
278.308867,0.084,5.384478701694496,4.228431677225546,0.3502940235211541,75.97210001764306,4.265768543627809
278.33726750000005,0.084,5.384478701694496,4.271731374940526,0.3539514316816703,76.75006433553753,4.267935013743625
278.36530400000004,0.084,5.384478701694496,4.336786536908341,0.3594602453740039,77.9189084008922,4.260291390886595
278.39336000000003,0.084,5.384478701694496,4.263267455023619,0.3534635346974871,76.59799335046476,4.264608097860835
278.4219175,0.084,5.384478701694496,4.183981276813058,0.3469520013479105,75.17346106028438,4.262142224860577
278.4502,0.084,5.384478701694496,4.346592444432474,0.3604708743364589,78.095090835434,4.266434509269623
278.4782265,0.084,5.384478701694496,4.259094953627706,0.3532263282604002,76.52302614806644,4.262162949455855
278.5065675,0.084,5.384478701694496,4.25034622680938,0.3524793411595182,76.36583804628185,4.26067391481444
278.535175,0.084,5.384478701694496,4.180989283888086,0.3466994114128738,75.11970401675158,4.258902207239075
278.5636445,0.084,5.384478701694496,4.292402657113008,0.3559419000689913,77.12146461738651,4.262922665960497
278.591809,0.084,5.384478701694496,4.271188055137406,0.3541896133787742,76.74030252558646,4.260779518781718
278.62027850000004,0.084,5.384478701694496,4.200954947227505,0.3483781891927345,75.47842646704223,4.26234652076854
278.6487865,0.084,5.384478701694496,4.25895853375489,0.353226328261139,76.52057509646785,4.261707217187056
278.6768325,0.084,5.384478701694496,4.339684789818383,0.3599648504630209,77.97098122050144,4.258963997147161
278.7048295,0.084,5.384478701694496,4.273256632612071,0.3544532400769905,76.77746859253415,4.263064811723207
278.733161,0.084,5.384478701694496,4.237905831560315,0.3515006135450729,76.14232185298223,4.258023128932296
278.7616895,0.084,5.384478701694496,4.2148243720135685,0.3495715938514289,75.72761798944738,4.2627175836358004
278.790159,0.084,5.384478701694496,4.255651313425107,0.3529645228798396,76.46115437198792,4.2625068517252425
278.818235,0.084,5.384478701694496,4.3337386886732885,0.3594602453739088,77.86414780674589,4.260895204086945
278.8468025,0.084,5.384478701694496,4.112756790241029,0.3411292627004464,73.89377293224871,4.264634070398887
278.875291,0.084,5.384478701694496,4.358274276196911,0.3615133375017092,78.30497794227249,4.261229394952575
278.9030325,0.084,5.384478701694496,4.333331962833106,0.3594473253849401,77.85684017626518,4.262205271734659
278.9310495,0.084,5.384478701694496,4.273454462362656,0.3544532400769478,76.78102299349061,4.262601943521427
278.9596955,0.084,5.384478701694496,4.146471545238899,0.3438976945327794,74.4995248833951,4.2579577303740495
278.988352,0.084,5.384478701694496,4.270873485916417,0.3541896133788422,76.73465067020751,4.260390251674149
279.0167035,0.084,5.384478701694496,4.236115926075126,0.3512660336685226,76.1101626769749,4.259988746838847
279.044966,0.084,5.384478701694496,4.298966960115714,0.3564366681545806,77.23940524462988,4.263521556909283
279.073317,0.084,5.384478701694496,4.210466971430483,0.3490956893181445,75.64932870912197,4.260832059326127
279.10143200000005,0.084,5.384478701694496,4.372676267999275,0.3625355610986128,78.5637380796434,4.261503450674613
279.1297635,0.084,5.384478701694496,4.147989434809758,0.3438976945331037,74.52679675795656,4.264065517178384
279.1584395,0.084,5.384478701694496,4.266075230620174,0.3537010599555231,76.64844056700548,4.2658319525590045
279.1863975,0.084,5.384478701694496,4.363616854346167,0.3617618092135896,78.40096787719172,4.261181717612116
279.2146995,0.084,5.384478701694496,4.165664569705705,0.3452988305266959,74.84436535516784,4.260683718247035
279.2429325,0.084,5.384478701694496,4.386774522913342,0.3635767999466004,78.8170409858189,4.260784068278247
279.2709,0.084,5.384478701694496,4.244443498574415,0.3517478784680833,76.25978391224936,4.263509102319356
279.299576,0.084,5.384478701694496,4.172024009885201,0.345764431717323,74.9586252184583,4.26437247380786
279.32774,0.084,5.384478701694496,4.402591695858436,0.3648901185852106,79.1012276386276,4.260897969266022
279.3557465,0.084,5.384478701694496,4.217622896287428,0.3495715938515028,75.77789898776186,4.264734971694591
279.384088,0.084,5.384478701694496,4.2974231423965765,0.3561827692216267,77.21166751983725,4.263790130144876
279.4124985,0.084,5.384478701694496,4.197864789349942,0.3478934238008654,75.42290569686898,4.25959917955161
279.44129250000003,0.084,5.384478701694496,4.184044984274269,0.3467114311637755,75.17460569025229,4.2612730785116435
279.4696045,0.084,5.384478701694496,4.344233199131184,0.3599648504620699,78.05270234871416,4.264582575083424
279.4977395,0.084,5.384478701694496,4.236293557573797,0.3510194455174946,76.11335417656942,4.264935345350012
279.526002,0.084,5.384478701694496,4.304637636353347,0.3566909293397322,77.34129010766634,4.266365238521028
279.5543925,0.084,5.384478701694496,4.198270241702565,0.3478934238014627,75.43019044663843,4.266496825024612
279.582814,0.084,5.384478701694496,4.294686752334401,0.3559038978755771,77.1625028849655,4.265636732250307
279.6109245,0.084,5.384478701694496,4.290627274859477,0.355587528240469,77.08956637982925,4.261391469284023
279.6389485,0.084,5.384478701694496,4.320783772076605,0.3581086989440143,77.63138722444667,4.26526854651863
279.6673565,0.084,5.384478701694496,4.176926566677321,0.3461354216878015,75.04670930338254,4.267154807198216
279.6959815,0.084,5.384478701694496,4.255826654834224,0.3526284857060321,76.46430472561487,4.262777725896523
279.72438950000003,0.084,5.384478701694496,4.241418082652727,0.3514141529350053,76.20542635877736,4.26816562097031
279.75262,0.084,5.384478701694496,4.310200563452381,0.3570985026633372,77.44123904529134,4.260534297604375
279.780703,0.084,5.384478701694496,4.285869315522765,0.3550951132246253,77.00408027287487,4.261981996729624
279.80911100000003,0.084,5.384478701694496,4.21213102970894,0.3489982280027685,75.6792267922924,4.2644688055600035
279.837647,0.084,5.384478701694496,4.247051875240989,0.3518964044848097,76.30664853443633,4.258602916003792
279.865809,0.084,5.384478701694496,4.325204821956856,0.3583525107783147,77.71082008970838,4.261481546617456
279.894178,0.084,5.384478701694496,4.186648692068751,0.3468437034618384,75.22138642696005,4.258045043010405
279.9225265,0.084,5.384478701694496,4.332040925963882,0.3588797639363856,77.83364415711617,4.264323579742139
279.950619,0.084,5.384478701694496,4.262303925251203,0.3531140784091713,76.5806816411059,4.267368735627841
279.97887000000003,0.084,5.384478701694496,4.283220445247007,0.3548431213749335,76.95648810327509,4.26235067168394
280.0070415,0.084,5.384478701694496,4.286162187060675,0.355107722212922,77.00934228665892,4.263410934453494
280.035144,0.084,5.384478701694496,4.303572487741153,0.3565891813453568,77.32215261578368,4.263023064455924
280.0636015,0.084,5.384478701694496,4.180363724329834,0.3463751928681733,75.10846460768593,4.263053670455805
280.092325,0.084,5.384478701694496,4.224092064179327,0.3499508036043549,75.89413032543756,4.262845921129126
280.1207035,0.084,5.384478701694496,4.283687138020988,0.3548557124716597,76.96487315778438,4.263519649176943
280.1487275,0.084,5.384478701694496,4.332094354405713,0.3588540082746667,77.83460410426359,4.259792196830051
280.176998,0.084,5.384478701694496,4.210419008786886,0.3487548126463432,75.6484669658009,4.263972800083625
280.205199,0.084,5.384478701694496,4.3542408972882365,0.3606528711464375,78.23251034926174,4.2637532827219955
280.233715,0.084,5.384478701694496,4.11967820510562,0.3412573089926055,74.01812977717267,4.264372987590238
280.2624185,0.084,5.384478701694496,4.295112967958136,0.355840578916853,77.17016068777922,4.262855166974766
280.290639,0.084,5.384478701694496,4.259062318948461,0.3528897926126663,76.52243980180265,4.261708777058093
280.3191845,0.084,5.384478701694496,4.197285561391055,0.3477966325785318,75.41249872620358,4.263011855665268
280.347534,0.084,5.384478701694496,4.31837496776565,0.3578396084227289,77.58810831254644,4.26205840689022
280.375952,0.084,5.384478701694496,4.1771455161497935,0.3461474023621392,75.05064316172323,4.261326899971517
280.40405450000003,0.084,5.384478701694496,4.417613574960621,0.3661057077045194,79.37112527177393,4.26499029140846
280.4317735,0.084,5.384478701694496,4.290625440273864,0.3555875282404694,77.08953341788678,4.2598231923125205
280.4603095,0.084,5.384478701694496,4.168600961094651,0.3454419588114483,74.89712340763761,4.26416995267666
280.4889045,0.084,5.384478701694496,4.273402754508175,0.3541018249396257,76.78009396008244,4.262699514104527
280.51708599999995,0.084,5.384478701694496,4.291062186438413,0.3556001722256811,77.09738042259876,4.2618433292334155
280.545514,0.084,5.384478701694496,4.19934145169838,0.3480265997358897,75.44943684321149,4.26092127123315
280.573952,0.084,5.384478701694496,4.287415525900664,0.3553474632539433,77.03186098649282,4.263343739704075
280.6020055,0.084,5.384478701694496,4.314207756533065,0.357596493817052,77.51323615834758,4.264434687342542
280.63038400000005,0.084,5.384478701694496,4.190322939935375,0.3473255456430573,75.28740152374316,4.264090052613512
280.658733,0.084,5.384478701694496,4.323247680552405,0.3583525107794571,77.67565619115743,4.262182887611536
280.686885,0.084,5.384478701694496,4.248143547177227,0.3521442267933626,76.32626257005457,4.259672630714083
280.71523349999995,0.084,5.384478701694496,4.263107753041181,0.3533761057935788,76.59512398992901,4.262940622706994
280.743553,0.084,5.384478701694496,4.257076841910864,0.3528648895554961,76.48676679781504,4.266132545593955
280.7719315,0.084,5.384478701694496,4.245745668439204,0.351908787315469,76.28317995758232,4.2649925658949055
280.8003095,0.084,5.384478701694496,4.257738780960088,0.3528773406444129,76.49865983605994,4.267137691754115
280.8287965,0.084,5.384478701694496,4.213681168114288,0.3492297875463385,75.70707808065697,4.266670775938628
280.8571455,0.084,5.384478701694496,4.2996020798022725,0.3563477623613245,77.25081642022253,4.264246656688092
280.8851595,0.084,5.384478701694496,4.314867392361752,0.3575964938169123,77.52508781470097,4.268351300837118
280.913676,0.084,5.384478701694496,4.151192457606001,0.3440278281004757,74.58434536860234,4.262043529984576
280.941877,0.084,5.384478701694496,4.414440537996082,0.3658512348296253,79.31411541563082,4.264696903367678
280.9698025,0.084,5.384478701694496,4.231755095222353,0.3506748032001855,76.03181176510105,4.267620447946296
280.9982405,0.084,5.384478701694496,4.256195716571773,0.3526284857059518,76.4709356463387,4.265872154461381
281.02655000000004,0.084,5.384478701694496,4.2713004577318685,0.3538637612655789,76.7423220594942,4.267632583420507
281.05483000000004,0.084,5.384478701694496,4.265150120812173,0.3533636194804807,76.63181914794855,4.268481960293484
281.08314,0.084,5.384478701694496,4.262275231525692,0.3531140784091776,76.58016610183488,4.268578510081946
281.1114295,0.084,5.384478701694496,4.2716249225049205,0.3538762829514369,76.74815170794832,4.264652536431092
281.1397095,0.084,5.384478701694496,4.265343579336569,0.353351134050194,76.63529501122045,4.267513050206987
281.168502,0.084,5.384478701694496,4.122560017375989,0.3414903668928387,74.06990720832185,4.267877440865704
281.1966535,0.084,5.384478701694496,4.46862061704013,0.3701163470841255,80.28756720539675,4.266010115873171
281.224431,0.084,5.384478701694496,4.231395506149259,0.3504413239629895,76.02535103944395,4.268014384814856
281.25288850000004,0.084,5.384478701694496,4.255213678491425,0.3523799815333488,76.45329139878866,4.26991637062405
281.28101100000003,0.084,5.384478701694496,4.33414172402081,0.3588668856436804,77.87138913026011,4.266651221679699
281.30938949999995,0.084,5.384478701694496,4.180943507849012,0.3461354216868956,75.11888156008575,4.270741685977438
281.338103,0.084,5.384478701694496,4.233530793996906,0.3504413239618221,76.06371568958163,4.269755586016323
281.366353,0.084,5.384478701694496,4.320808061365675,0.3576092810848412,77.63182362934556,4.269763506725828
281.39473150000003,0.084,5.384478701694496,4.196841595121649,0.3473134832704103,75.4045219980929,4.269083408322664
281.422913,0.084,5.384478701694496,4.383493508682442,0.3627196493908498,78.75809110549996,4.2740305406345565
281.45084799999995,0.084,5.384478701694496,4.270925021346267,0.3533636194792326,76.73557660566772,4.267326174046906
281.4793455,0.084,5.384478701694496,4.21221248253616,0.348499591713708,75.68069025269773,4.267983118149061
281.5075765,0.084,5.384478701694496,4.352677200007847,0.3601463365055406,78.20441544901234,4.270519644161083
281.535748,0.084,5.384478701694496,4.229069642252559,0.3499508036032579,75.98356231537889,4.2708759557021665
281.564117,0.084,5.384478701694496,4.290794768496817,0.3550951132235707,77.09257573278553,4.270200768463216
281.5926625,0.084,5.384478701694496,4.176798678753187,0.3456807698283571,75.04441154503974,4.26852618071413
281.621208,0.084,5.384478701694496,4.290440922091709,0.3550951132236463,77.08621818546497,4.270234826889023
281.6492225,0.084,5.384478701694496,4.336001353607495,0.3588540082738478,77.90480103702363,4.269557829979054
281.677601,0.084,5.384478701694496,4.182787172438562,0.3461474023608678,75.15200662424387,4.2739899282297005
281.705989,0.084,5.384478701694496,4.333257166000166,0.3586095137508893,77.8554963039014,4.270712376037804
281.733905,0.084,5.384478701694496,4.323646345232657,0.3578396084216171,77.68281898702918,4.270943831886494
281.76250000000005,0.084,5.384478701694496,4.13146545538692,0.341957439044568,74.22991093521458,4.2698324029932255
281.79084850000004,0.084,5.384478701694496,4.400905031380938,0.3642654428660849,79.07092339058433,4.2698713793153
281.8190305,0.084,5.384478701694496,4.179167669475281,0.345895982249687,75.08697512743109,4.273944461253976
281.847537,0.084,5.384478701694496,4.299879304634954,0.3558532409055587,77.25579731014192,4.2727234338349955
281.875669,0.084,5.384478701694496,4.291063948250998,0.3550951132235132,77.0974120770305,4.271781666791189
281.9037225,0.084,5.384478701694496,4.32434208852222,0.3578524130856121,77.69531938500556,4.2740325839586815
281.93215,0.084,5.384478701694496,4.179787707428338,0.3459079463531135,75.09811532998849,4.267306146265953
281.9608045,0.084,5.384478701694496,4.254748138797764,0.3521318273855325,76.44492706163749,4.270372545481206
281.9889075,0.084,5.384478701694496,4.344974126992536,0.3596282897943605,78.06601457648213,4.271699080420778
282.0169115,0.084,5.384478701694496,4.283771361669817,0.3546040601852585,76.96638640145513,4.269942284078186
282.045251,0.084,5.384478701694496,4.241518567448873,0.3511550261366266,76.2072317659746,4.271373587043174
282.073856,0.084,5.384478701694496,4.20366466030772,0.3480508244979676,75.52711179741141,4.270549423861728
282.102165,0.084,5.384478701694496,4.331427538626196,0.358609513750542,77.82262344595766,4.272834214624579
282.13034700000003,0.084,5.384478701694496,4.241648687487606,0.3511550261365981,76.20956962865077,4.274016359988903
282.158706,0.084,5.384478701694496,4.277683456148662,0.3541143634796152,76.85700519289917,4.2725150041928135
282.1867,0.084,5.384478701694496,4.353906290323739,0.3603929319209788,78.22649847637035,4.272077277894648
282.2148225,0.084,5.384478701694496,4.239496460853394,0.3509209071735643,76.17090063986335,4.27084337604528
282.243398,0.084,5.384478701694496,4.216313667227046,0.3489982280018411,75.7543761100819,4.270910408684158
282.2716585,0.084,5.384478701694496,4.335505895293411,0.3588540082739515,77.8958991529528,4.275513907718642
282.2995645,0.084,5.384478701694496,4.323501375702625,0.3578524130857891,77.68021432400614,4.270393197703155
282.327953,0.084,5.384478701694496,4.1907948343325945,0.3468437034602242,75.29588003565489,4.27493224500751
282.3564595,0.084,5.384478701694496,4.287846214832461,0.354855712471484,77.03959916109292,4.271537615765107
282.38468,0.084,5.384478701694496,4.275623695983892,0.3538637612639351,76.81999754628328,4.272004611822453
282.41337350000003,0.084,5.384478701694496,4.148068189436922,0.3433309892399871,74.52821173988566,4.269317157335115
282.4417325,0.084,5.384478701694496,4.378248993880155,0.3624435870075644,78.66386307167615,4.271256080525758
282.4697075,0.084,5.384478701694496,4.258641205421179,0.3526284857061272,76.51487366819671,4.273630894309673
282.4979575,0.084,5.384478701694496,4.291189328017105,0.3553600901704704,77.0996647713763,4.270759111550031
282.5261385,0.084,5.384478701694496,4.27916524602714,0.3543527645931545,76.88362846541395,4.269972933855006
282.554419,0.084,5.384478701694496,4.2619490571462295,0.352864889555146,76.57430573693573,4.2697299195667675
282.582778,0.084,5.384478701694496,4.256766355452956,0.3523923984223737,76.48118829731297,4.272351198021242
282.61091,0.084,5.384478701694496,4.331816009843074,0.3586095137511915,77.829603096191,4.271928626322692
282.638954,0.084,5.384478701694496,4.283453900744348,0.3545914869398372,76.960682590912,4.273204795159701
282.6675495,0.084,5.384478701694496,4.167466752002754,0.3449653253523582,74.87674510827082,4.271746876169944
282.6961245,0.084,5.384478701694496,4.290070601272322,0.3551077222128019,77.07956464285705,4.2695288740192
282.724168,0.084,5.384478701694496,4.325992487593377,0.3580958759314177,77.72497205362458,4.272384031626989
282.752202,0.084,5.384478701694496,4.2925879215938245,0.3553474632528363,77.12479325853309,4.274167764970579
282.78058050000004,0.084,5.384478701694496,4.221680180838906,0.3494738666472272,75.85079609271098,4.271289472392496
282.80881250000004,0.084,5.384478701694496,4.338034325127696,0.3590859424078695,77.94132737289837,4.270465019652185
282.83718550000003,0.084,5.384478701694496,4.181067281150855,0.3460635550540588,75.12110539113824,4.272513043956853
282.8656595,0.084,5.384478701694496,4.3074088102581065,0.3565001994578136,77.39107970275252,4.273349926741413
282.893966,0.084,5.384478701694496,4.2302811814654175,0.350122329443251,76.00533000261629,4.2705932061300835
282.92246950000003,0.084,5.384478701694496,4.247650019100829,0.3515623971761846,76.31739536650399,4.2753414410040005
282.9506185,0.084,5.384478701694496,4.337866621234785,0.3590343755823551,77.93831424228681,4.27079477591577
282.978777,0.084,5.384478701694496,4.244461730405089,0.3513277348500521,76.26011148298224,4.27307108386996
283.00720149999995,0.084,5.384478701694496,4.256255142343927,0.352305498570009,76.4720033473329,4.27117166097641
283.0356655,0.084,5.384478701694496,4.233013067360539,0.3503553836520371,76.0544137112591,4.270879658853312
283.0640015,0.084,5.384478701694496,4.295409406214284,0.3555116832069708,77.17548678467857,4.270500588991339
283.0920615,0.084,5.384478701694496,4.316637529176985,0.3572643455204613,77.55689180763198,4.2720625344093595
283.120151,0.084,5.384478701694496,4.286314596782902,0.3547675935493377,77.01208062738299,4.271406754680983
283.1485365,0.084,5.384478701694496,4.226656291507152,0.349865103695109,75.94020171783271,4.271027271215411
283.1769515,0.084,5.384478701694496,4.276276215047723,0.3540266123365275,76.83172133594452,4.272944919569077
283.2049915,0.084,5.384478701694496,4.339426977125963,0.3592923579310438,77.96634910790048,4.275318256044461
283.233022,0.084,5.384478701694496,4.278744334252713,0.3542648952649804,76.87606595669527,4.270555931030979
283.26139750000004,0.084,5.384478701694496,4.234765655060524,0.3506010393091795,76.085902399784,4.267326277671539
283.28972350000004,0.084,5.384478701694496,4.294645529791772,0.3555116832071337,77.16176224082824,4.271219191019
283.317961,0.084,5.384478701694496,4.262475684995941,0.3527902014689731,76.5837676430807,4.269209787811349
283.3461295,0.084,5.384478701694496,4.317137112292051,0.3572643455210813,77.56586780187338,4.272206113847104
283.3745835,0.084,5.384478701694496,4.179138474587386,0.345824215005019,75.08645058379116,4.272372771879844
283.4030475,0.084,5.384478701694496,4.314256410024009,0.3570092664236091,77.51411031410137,4.271034947663389
283.4313735,0.084,5.384478701694496,4.219115715792097,0.3491566302875759,75.80472042922628,4.272627726626918
283.4596205,0.084,5.384478701694496,4.338311983817795,0.359034375582262,77.94631605792043,4.272774776257605
283.487848,0.084,5.384478701694496,4.224709526742887,0.3496327011136227,75.90522425605222,4.273262121876626
283.5163025,0.084,5.384478701694496,4.268945171718695,0.3532762399926211,76.70000470918043,4.274095546054652
283.544678,0.084,5.384478701694496,4.248681611977209,0.3515747565090559,76.33592996352822,4.272438450417976
283.5729155,0.084,5.384478701694496,4.311434445083666,0.3567545513286263,77.46340815806354,4.274356932184775
283.600956,0.084,5.384478701694496,4.308863719349889,0.3565129084364785,77.4172200090114,4.2724741987136055
283.629134,0.084,5.384478701694496,4.270171979449311,0.353288720130811,76.72204672540002,4.270615815080018
283.6575585,0.084,5.384478701694496,4.234584444381045,0.3503553836516921,76.08264659315957,4.270539661059491
283.685648,0.084,5.384478701694496,4.373137377910786,0.3618534375470631,78.5720228270369,4.271306427691205
283.713994,0.084,5.384478701694496,4.159311112121501,0.3441699043684126,74.73021298098031,4.273455951054548
283.7429805,0.084,5.384478701694496,4.179550054013432,0.345824215005606,75.09384541849765,4.271453741298591
283.7713065,0.084,5.384478701694496,4.357932148000068,0.3605618497724991,78.2988309356342,4.2704639084439435
283.799337,0.084,5.384478701694496,4.267705212859866,0.3530392848029209,76.67772640705057,4.272474318784655
283.82760399999995,0.084,5.384478701694496,4.285938692402273,0.3545160661918092,77.00532676510444,4.269893044336172
283.855723,0.084,5.384478701694496,4.313241841404039,0.3567672784499558,77.49588159136091,4.271085911217418
283.884187,0.084,5.384478701694496,4.183457333889464,0.3460515801821546,75.16404739412319,4.274655208399029
283.912681,0.084,5.384478701694496,4.3033972828243545,0.3560052550942175,77.31900471450996,4.271746102867262
283.9406425,0.084,5.384478701694496,4.343013358308824,0.3592923579295612,78.03078550671786,4.274090117358547
283.9687415,0.084,5.384478701694496,4.261518827070851,0.3525538976564952,76.56657580659457,4.274346479285579
283.997028,0.084,5.384478701694496,4.285424988574804,0.3545160661926336,76.99609706446387,4.276450577938667
284.0256105,0.084,5.384478701694496,4.1750147200769065,0.3453465267713458,75.01235921516252,4.275529400837618
284.05394650000005,0.084,5.384478701694496,4.362556268052245,0.360822032824983,78.38191235633913,4.276208847797203
284.08202600000004,0.084,5.384478701694496,4.250741857686024,0.3515747565086071,76.37294633389884,4.273353223271884
284.110569,0.084,5.384478701694496,4.22127116960738,0.3491444403907925,75.8434474006753,4.273275097109465
284.1392005,0.084,5.384478701694496,4.223990900788701,0.3494006070979453,75.89231272595448,4.273782452708671
284.167556,0.084,5.384478701694496,4.303113047157704,0.3560052550935575,77.3138978611554,4.273692762075973
284.195291,0.084,5.384478701694496,4.414660294842983,0.365236605231125,79.31806378004266,4.271333474939855
284.2233415,0.084,5.384478701694496,4.208666992794167,0.3481841209977472,75.61698854912262,4.276378585959649
284.2520915,0.084,5.384478701694496,4.200121505147876,0.3474824327515964,75.46345203920092,4.278280406744971
284.2803285,0.084,5.384478701694496,4.365009891716679,0.3610825916682156,78.42599653616494,4.275941029581304
284.3086645,0.084,5.384478701694496,4.172131079299025,0.3451081772176916,74.96054893127591,4.275176974656882
284.3370205,0.084,5.384478701694496,4.3588874531357,0.3605618497723013,78.31599487320058,4.275321590846484
284.3649325,0.084,5.384478701694496,4.304063875943725,0.3560179288053886,77.33098137228798,4.27520425953885
284.3933275,0.084,5.384478701694496,4.212437716412183,0.3484267400482883,75.68473702272092,4.279313907363343
284.421733,0.084,5.384478701694496,4.301156222987071,0.3557519702179045,77.27873966233456,4.277776506045846
284.449694,0.084,5.384478701694496,4.347284651263952,0.3595636387322645,78.10752769397831,4.275192430205767
284.477665,0.084,5.384478701694496,4.298352979600967,0.3554990455125434,77.22837387587761,4.278322542991964
284.5060015,0.084,5.384478701694496,4.236703973181939,0.3503553836519252,76.12072810099593,4.273581534705068
284.5344265,0.084,5.384478701694496,4.272462255562689,0.3532762399918626,76.76319604487246,4.277374819301158
284.5629395,0.084,5.384478701694496,4.211487586697511,0.3482083676960536,75.66766607178147,4.276075425193557
284.591344,0.084,5.384478701694496,4.306129303665225,0.3560052550929174,77.36809084771882,4.275343371978022
284.61949300000003,0.084,5.384478701694496,4.287929425421526,0.3545160661913832,77.04109420315048,4.276805713306887
284.647888,0.084,5.384478701694496,4.231445272236612,0.3498773439680566,76.02624518518272,4.280344546445204
284.676273,0.084,5.384478701694496,4.290562328146646,0.3547675935484291,77.08839948426616,4.280320474430422
284.7043135,0.084,5.384478701694496,4.335889997814312,0.3585195207851605,77.90280031096181,4.274669491598474
284.73250199999995,0.084,5.384478701694496,4.246113781499696,0.351081060088257,76.28979383345506,4.277018234364482
284.7608875,0.084,5.384478701694496,4.276053947271694,0.3535260104047349,76.82772785774738,4.280233277496885
284.78929200000005,0.084,5.384478701694496,4.240963290505147,0.350613331134329,76.19725512245131,4.277378276053748
284.8176475,0.084,5.384478701694496,4.291000259038335,0.3547550087035848,77.09626777493368,4.279704755115544
284.8457765,0.084,5.384478701694496,4.309135245636828,0.3562715926883305,77.42209851333722,4.278309407490447
284.873787,0.084,5.384478701694496,4.32729500774671,0.3577627996807044,77.7483743925809,4.2774443351389495
284.901995,0.084,5.384478701694496,4.24958823671197,0.3513277348489341,76.35221926185098,4.282157278664429
284.930449,0.084,5.384478701694496,4.252570703906044,0.3515747565075067,76.40580515687394,4.278561476750466
284.95850900000005,0.084,5.384478701694496,4.371072774587752,0.3613304713863514,78.53492816354758,4.280150456188282
284.9870325,0.084,5.384478701694496,4.119489698533434,0.3404788777158137,74.01474288547162,4.279310317668008
285.015763,0.084,5.384478701694496,4.307779680940027,0.3560052550925677,77.39774312472342,4.27865207166157
285.043823,0.084,5.384478701694496,4.317077474286267,0.3567672784491461,77.56479628768417,4.27968306644102
285.072159,0.084,5.384478701694496,4.225119995142288,0.3491444403899442,75.91259912897765,4.282545575630987
285.100643,0.084,5.384478701694496,4.272453116117657,0.3530392848018972,76.76303183674872,4.281425247337339
285.1287225,0.084,5.384478701694496,4.347850060629803,0.3592923579292879,78.11768638641378,4.28108130576965
285.156703,0.084,5.384478701694496,4.302270526640347,0.3555243217964755,77.29876032130669,4.279613366179964
285.18511750000005,0.084,5.384478701694496,4.216875895724798,0.3484267400466161,75.76447765195951,4.2831459360283
285.21357250000005,0.084,5.384478701694496,4.290872989604434,0.3545034991854791,77.09398112898559,4.279847973683351
285.2417115,0.084,5.384478701694496,4.31264801478199,0.3562715926875877,77.48521232696996,4.2807031585533215
285.2699385,0.084,5.384478701694496,4.265084841206849,0.3523054985680965,76.63064627131641,4.278608302501036
285.298363,0.084,5.384478701694496,4.253557846461936,0.3513277348480713,76.4235411163768,4.282394302282127
285.32664,0.084,5.384478701694496,4.3100502862572805,0.3560052550920872,77.43853901961563,4.283164624107648
285.354848,0.084,5.384478701694496,4.273786343641305,0.3530392848016104,76.7869858940694,4.283061462651686
285.382839,0.084,5.384478701694496,4.377390739804005,0.3615917653653647,78.64844284746748,4.278836491745842
285.411165,0.084,5.384478701694496,4.175303155998324,0.344882049699895,75.01754153436342,4.280955405835398
285.4394125,0.084,5.384478701694496,4.402898931587514,0.363656125821671,79.1067477333862,4.283687368982933
285.4673445,0.084,5.384478701694496,4.268948131391376,0.3525538976548902,76.70005788552716,4.2829420831074945
285.495897,0.084,5.384478701694496,4.213665362956649,0.3479539456761756,75.7067941098828,4.284332898835991
285.52432150000004,0.084,5.384478701694496,4.308547072843427,0.3557646258996739,77.41153083110919,4.2842855949182885
285.552421,0.084,5.384478701694496,4.311675408346344,0.3560052550924642,77.46773753748603,4.283459957621499
285.5806585,0.084,5.384478701694496,4.266917813387484,0.3523054985677011,76.66357922529714,4.287596985224457
285.609014,0.084,5.384478701694496,4.275891470552439,0.353039284801158,76.82480864360178,4.28759003012335
285.637665,0.084,5.384478701694496,4.18006738659762,0.3451200868789929,75.10314031689697,4.284762650646767
285.66587300000003,0.084,5.384478701694496,4.414202272838421,0.3644380114158819,79.30983451297699,4.284347625604931
285.693943,0.084,5.384478701694496,4.220461315741092,0.3484388798748055,75.82889678152715,4.286976356428573
285.722456,0.084,5.384478701694496,4.276045251948633,0.353039284801125,76.82757162914923,4.285028958647985
285.751029,0.084,5.384478701694496,4.202733985441715,0.3469881156701036,75.51039039113095,4.28363380242499
285.7792865,0.084,5.384478701694496,4.373473282843351,0.3610825916664734,78.57805802048007,4.283855613242677
285.807159,0.084,5.384478701694496,4.317961522931566,0.3565129084345568,77.58067996211193,4.287535819594054
285.83524850000003,0.084,5.384478701694496,4.30552459467816,0.3555116832048208,77.35722606021515,4.285136167446532
285.8638015,0.084,5.384478701694496,4.179421026042184,0.3451081772160486,75.09152717696391,4.283858003233913
285.892295,0.084,5.384478701694496,4.323750229846395,0.3570220117249355,77.684685478643,4.282525157336028
285.9202265,0.084,5.384478701694496,4.348189414069787,0.3590343755802038,78.12378353908214,4.283584169186208
285.9480895,0.084,5.384478701694496,4.344987768947413,0.3587767634641289,78.06625968105978,4.281356156659405
285.976554,0.084,5.384478701694496,4.168168249030834,0.3441699043664046,74.88934888348763,4.283568847507318
286.005146,0.084,5.384478701694496,4.306124043820391,0.355524321796377,77.36799634425078,4.284533531345702
286.033334,0.084,5.384478701694496,4.288180168898651,0.354014080006752,77.0455993033808,4.287565945091366
286.061318,0.084,5.384478701694496,4.3699159612458365,0.3607569518617239,78.51414373432596,4.286384466828142
286.0893555,0.084,5.384478701694496,4.272209687578867,0.3526782286050764,76.75865816378725,4.283910961160023
286.1177895,0.084,5.384478701694496,4.248891778949434,0.3507239963712102,76.33970602696098,4.288333791159524
286.14617450000003,0.084,5.384478701694496,4.287744650176066,0.353901328978697,77.03777435208029,4.288426923711055
286.174362,0.084,5.384478701694496,4.308881474552288,0.3556507571567974,77.41753901617895,4.28476400008302
286.202766,0.084,5.384478701694496,4.222714067283834,0.3485603247108953,75.86937189820975,4.283628226877715
286.231318,0.084,5.384478701694496,4.263817546977166,0.3519459410323686,76.60787683543128,4.285105845485249
286.259702,0.084,5.384478701694496,4.272848219825916,0.3526906665235682,76.77013065274778,4.284695678038608
286.287702,0.084,5.384478701694496,4.382365068760117,0.3617225541280222,78.73781646062287,4.282242282299621
286.31586000000004,0.084,5.384478701694496,4.226062461094004,0.3488034685449293,75.92953238532718,4.282832797765486
286.34452050000004,0.084,5.384478701694496,4.22905059619967,0.3490347696139007,75.98322011554087,4.2829029917676325
286.372836,0.084,5.384478701694496,4.330741133377999,0.3574047944613666,77.81029082427915,4.285281534050909
286.40121,0.084,5.384478701694496,4.212368570754656,0.3476152941312146,75.68349468484949,4.284141614014416
286.42960400000004,0.084,5.384478701694496,4.324918493149412,0.3568945996292663,77.7056756289585,4.283598751953738
286.457555,0.084,5.384478701694496,4.346392311068315,0.358660958587638,78.09149504552431,4.280334169600055
286.485762,0.084,5.384478701694496,4.247429297300101,0.3504904516413585,76.31342966479684,4.281137744056647
286.51375199999995,0.084,5.384478701694496,4.41468155394163,0.3643317960381902,79.31844574160479,4.282408439823261
286.541663,0.084,5.384478701694496,4.270323669133515,0.3524420747293603,76.7247721292234,4.284124519806567
286.570343,0.084,5.384478701694496,4.1803451150033455,0.3450010272276483,75.10813025449752,4.276841127460207
286.5985105,0.084,5.384478701694496,4.430690520534987,0.3656505849484494,79.60607834490787,4.279819986658086
286.6266685,0.084,5.384478701694496,4.18332702590116,0.3452273108506136,75.16170615456292,4.279429569186719
286.6552895,0.084,5.384478701694496,4.2859999458571965,0.3536760422596769,77.00642730401793,4.280861344237316
286.6839205,0.084,5.384478701694496,4.180709253555455,0.3449891257799332,75.11467272050216,4.281084622179625
286.7124135,0.084,5.384478701694496,4.327761903212286,0.3571622701496824,77.75676308884377,4.283326273861292
286.74087699999995,0.084,5.384478701694496,4.188378124809278,0.3456927190449592,75.2524590910508,4.279760811728253
286.7694685,0.084,5.384478701694496,4.287604431978816,0.3539263785552278,77.03525505610511,4.28258133249628
286.7975565,0.084,5.384478701694496,4.33862956423684,0.3581600001723746,77.95202201540089,4.280611924341239
286.825576,0.084,5.384478701694496,4.30798138475331,0.3556507571569877,77.40136713084351,4.283632764648061
286.8538425,0.084,5.384478701694496,4.262670005956835,0.3519335555872985,76.58725900172227,4.28579785515988
286.8821875,0.084,5.384478701694496,4.283853028569156,0.3536760422601359,76.96785370808753,4.282199641031208
286.910315,0.084,5.384478701694496,4.329189241946035,0.3574047944609654,77.78240803934007,4.285121957710767
286.938621,0.084,5.384478701694496,4.230727386568512,0.3492663776694735,76.013346955782,4.2843991126129195
286.9673705,0.084,5.384478701694496,4.196293355011541,0.346423186970598,75.39467178513968,4.28120805187668
286.9957255,0.084,5.384478701694496,4.350598395651875,0.3591633204256786,78.16706563600728,4.285175374798447
287.023577,0.084,5.384478701694496,4.3482429683143975,0.3589441692657504,78.12474574652417,4.28062592010087
287.0522275,0.084,5.384478701694496,4.1149972291232135,0.3396693759113664,73.93402682774322,4.281820856355319
287.08079,0.084,5.384478701694496,4.376469759504639,0.3612260595059512,78.63189562316335,4.286111701854581
287.108938,0.084,5.384478701694496,4.235227167451603,0.3495105079408773,76.09419437851533,4.282385706348533
287.137214,0.084,5.384478701694496,4.337856776946949,0.3579164501488477,77.93813737027439,4.283033111110591
287.165223,0.084,5.384478701694496,4.316696202533109,0.3561573992184414,77.55794598999084,4.283081790523099
287.193351,0.084,5.384478701694496,4.30117187614217,0.3548934911227535,77.27902090208384,4.287441279753886
287.222081,0.084,5.384478701694496,4.139026372320816,0.3415136901901403,74.36575769386529,4.286716159473849
287.250584,0.084,5.384478701694496,4.371566446706865,0.3607049039932674,78.5437979551091,4.289540413254191
287.278495,0.084,5.384478701694496,4.313435783333635,0.3559038978715975,77.499366139959,4.288918052171268
287.3065345,0.084,5.384478701694496,4.331791871832808,0.3573920218122604,77.82916940931365,4.286594338754253
287.3346035,0.084,5.384478701694496,4.304828764113347,0.3551581671187532,77.34472409416708,4.287377714209142
287.3630965,0.084,5.384478701694496,4.204803638874495,0.3468797952389879,75.54757578978452,4.288913200006489
287.39156,0.084,5.384478701694496,4.314649654539187,0.3559038978713417,77.52117572603635,4.287210323328504
287.419707,0.084,5.384478701694496,4.299618914724744,0.3546669397836937,77.25111889274933,4.28445567888811
287.4481205,0.084,5.384478701694496,4.234705185299935,0.3492785760815872,76.08481594148216,4.289802586462705
287.4762585,0.084,5.384478701694496,4.386285599561941,0.3617356382085385,78.8082565152187,4.2920038495819455
287.5043275,0.084,5.384478701694496,4.255450639526464,0.3509701694241997,76.45754887031201,4.2866632746765125
287.53263300000003,0.084,5.384478701694496,4.312146438039225,0.355650757156108,77.47620051328188,4.285140846548877
287.560692,0.084,5.384478701694496,4.330524707477516,0.3571495148285525,77.80640230687766,4.290723423228427
287.5887905,0.084,5.384478701694496,4.300280677823286,0.3546543620791482,77.26300876969384,4.290599340192827
287.617303,0.084,5.384478701694496,4.205986192573184,0.3468918275026979,75.56882269519319,4.293810791811334
287.6458555,0.084,5.384478701694496,4.287703725294981,0.3536510281067661,77.0370390560187,4.288863806209792
287.6739835,0.084,5.384478701694496,4.333291376633,0.3574175680220275,77.85611096527417,4.287919204999757
287.702062,0.084,5.384478701694496,4.302382693411021,0.3548934911224967,77.30077561817578,4.288015718438287
287.73028850000003,0.084,5.384478701694496,4.2872270071212375,0.353676042260126,77.02847387546466,4.293801045432474
287.7586335,0.084,5.384478701694496,4.265821794076487,0.3519335555859142,76.64388708053227,4.292343415098164
287.7870775,0.084,5.384478701694496,4.257299594641332,0.3512166883199659,76.49076898917345,4.291525461699992
287.815294,0.084,5.384478701694496,4.3353995256744176,0.3576604393055155,77.89398801332706,4.286948528754215
287.8433135,0.084,5.384478701694496,4.316412008863973,0.35614471557426,77.55283989120433,4.2846984446106156
287.871698,0.084,5.384478701694496,4.224252344839693,0.3485603247105568,75.8970100830616,4.291055396663766
287.9003585,0.084,5.384478701694496,4.232776686532242,0.3492785760820093,76.05016666429218,4.291502377449485
287.928388,0.084,5.384478701694496,4.417869151679318,0.3645974506598616,79.37571721070476,4.290654204267322
287.9562795,0.084,5.384478701694496,4.273337564184974,0.3526782286048339,76.77892268757942,4.2927771155316305
287.985009,0.084,5.384478701694496,4.163678273961724,0.3436023022622451,74.80867764150814,4.291886788024695
288.0136695,0.084,5.384478701694496,4.294957983847197,0.3544029952096525,77.1673760930935,4.292162560023674
288.041837,0.084,5.384478701694496,4.310387412907445,0.3556507571564792,77.44459616362077,4.290500023115342
288.06975750000004,0.084,5.384478701694496,4.372126853258655,0.3607179145526415,78.55386676214043,4.2874942790793895
288.0975595,0.084,5.384478701694496,4.347627974099321,0.3586738221037434,78.11369616464971,4.287386668538464
288.1260525,0.084,5.384478701694496,4.164712280892984,0.3435904971267468,74.82725561178108,4.291533118235307
288.154753,0.084,5.384478701694496,4.283635160181887,0.3534135700225235,76.96393927357096,4.2907573713529725
288.18298000000004,0.084,5.384478701694496,4.304549846490717,0.3551455545477138,77.3397127899435,4.288494906873565
288.2110195,0.084,5.384478701694496,4.341512817117345,0.3581600001717739,78.00382532994745,4.289593055202378
288.2390095,0.084,5.384478701694496,4.3205493850060055,0.3563985602353774,77.62717599926209,4.288297633049433
288.2671865,0.084,5.384478701694496,4.284807414397639,0.353426059865506,76.98500112849105,4.289642840648181
288.2958665,0.084,5.384478701694496,4.17159921873062,0.3440633361645622,74.95099300903742,4.2906316916227984
288.3247445,0.084,5.384478701694496,4.226075819087365,0.3485481764169227,75.92977238797712,4.292102977540681
288.3527835,0.084,5.384478701694496,4.427296960734767,0.3651432556436818,79.54510636185637,4.287900308277728
288.380477,0.084,5.384478701694496,4.330293982039363,0.3571495148286007,77.802256870129,4.291910664884995
288.4086745,0.084,5.384478701694496,4.269932853349017,0.3521814302459061,76.71775035421676,4.292654142130867
288.4369405,0.084,5.384478701694496,4.309007079550739,0.355410606811505,77.41979575726724,4.289321621647002
288.46493,0.084,5.384478701694496,4.355124136819215,0.3591762200030639,78.24837948635776,4.2896822353903685
288.493068,0.084,5.384478701694496,4.265102659490689,0.3516983976507928,76.63096641186624,4.292761965499433
288.5215415,0.084,5.384478701694496,4.253957646247609,0.3507239963701108,76.43072430665222,4.293970919577639
288.550153,0.084,5.384478701694496,4.225323666219179,0.3483175196405664,75.9162584808616,4.294468270491596
288.578626,0.084,5.384478701694496,4.296514308890895,0.35416452652065,77.19533853659628,4.290882527661736
288.606685,0.084,5.384478701694496,4.351111931962735,0.3586609585859281,78.17629232688218,4.289259918605392
288.6348625,0.084,5.384478701694496,4.260552584413221,0.3512166883192626,76.5492153549117,4.29312116513879
288.6633555,0.084,5.384478701694496,4.25410511985372,0.3507239963693797,76.43337396033205,4.291559951775189
288.6915825,0.084,5.384478701694496,4.340817884919463,0.3579036409014898,77.99133950482998,4.2926617485151555
288.7198485,0.084,5.384478701694496,4.241887231768213,0.3497672123240438,76.21385554629785,4.292180408520868
288.748203,0.084,5.384478701694496,4.312904060032686,0.3556507571559483,77.4898126840006,4.2889173886394385
288.77639,0.084,5.384478701694496,4.291909378752917,0.3539138533227901,77.11260190048104,4.288495192218608
288.80434,0.084,5.384478701694496,4.38689453280029,0.3617487232356172,78.81919719971339,4.293301085137545
288.8327045,0.084,5.384478701694496,4.169318584660617,0.3438267540706798,74.91001692785747,4.299275612555961
288.8611385,0.084,5.384478701694496,4.364614826094054,0.3599389388112358,78.4188984044493,4.291925051001568
288.889267,0.084,5.384478701694496,4.25879839013776,0.3512043541492439,76.51769780109537,4.2929596327222
288.917602,0.084,5.384478701694496,4.301230934744034,0.3546669397833519,77.28008200614089,4.292366501239656
288.9458485,0.084,5.384478701694496,4.285959045202818,0.3534010810615788,77.00569244323681,4.291788043083994
288.9741935,0.084,5.384478701694496,4.2714688277789605,0.3522062369181831,76.74534715887715,4.29306657083169
289.0023705,0.084,5.384478701694496,4.337271376584409,0.357647648376945,77.92761950022513,4.290026149610482
289.03036050000003,0.084,5.384478701694496,4.327794694895968,0.3569073367454455,77.75735225600138,4.292947210758903
289.058646,0.084,5.384478701694496,4.24662585421354,0.350244950885234,76.29899422792802,4.293586148282571
289.08705050000003,0.084,5.384478701694496,4.290836657127278,0.3539013289780376,77.0933283445021,4.292272312010612
289.1152775,0.084,5.384478701694496,4.2998559095619004,0.3546543620792384,77.25537697159429,4.292605163397926
289.1437115,0.084,5.384478701694496,4.228992692455895,0.3487913032952773,75.98217976078307,4.2943962417385535
289.172007,0.084,5.384478701694496,4.343112732389512,0.3581728277761233,78.03257095772511,4.2930814461607225
289.199987,0.084,5.384478701694496,4.324665917317293,0.3566400480814438,77.70113760686318,4.295167952999794
289.228421,0.084,5.384478701694496,4.206343689155965,0.3468918275019347,75.57524582514212,4.295693038597474
289.257032,0.084,5.384478701694496,4.270030539668584,0.3521938331453508,76.7195054812726,4.295128626250055
289.2851965,0.084,5.384478701694496,4.339805470893404,0.3579805101385295,77.97314949361109,4.295659988594418
289.312831,0.084,5.384478701694496,4.435184278731926,0.3658512348254598,79.68681755822702,4.292865517508191
289.34103500000003,0.084,5.384478701694496,4.170027306331001,0.3439568339425968,74.92275050799714,4.298105815792365
289.3694565,0.084,5.384478701694496,4.366504342261466,0.360120398720871,78.45284728247628,4.2956027630562295
289.397611,0.084,5.384478701694496,4.249173251459996,0.3503922100476959,76.3447632347763,4.2960440600960395
289.426022,0.084,5.384478701694496,4.288761044102565,0.3535885082034272,77.05603587004622,4.29666532177633
289.4539485,0.084,5.384478701694496,4.399872607988585,0.3627064940228571,79.05237387170554,4.295489823869528
289.4823195,0.084,5.384478701694496,4.158687916748433,0.3428131477622409,74.7190160491561,4.295406684969799
289.5108295,0.084,5.384478701694496,4.356194786442302,0.3590859424048278,78.2676158147315,4.293525576206572
289.5390335,0.084,5.384478701694496,4.247686479547559,0.3501591068561313,76.31805045021282,4.292154305470855
289.5675825,0.084,5.384478701694496,4.250530039372361,0.3504044872343488,76.36914060086598,4.294476101339679
289.59575600000005,0.084,5.384478701694496,4.362761730518722,0.3596153577183909,78.38560389406388,4.294144526401759
289.623693,0.084,5.384478701694496,4.323240326335178,0.3563096734498441,77.67552405816596,4.294574862077027
289.652144,0.084,5.384478701694496,4.208087274629645,0.3467955927625631,75.60657277094786,4.296709157627606
289.680308,0.084,5.384478701694496,4.413845624286961,0.363748716441235,79.30342661958035,4.294223055925122
289.7082945,0.084,5.384478701694496,4.260265227687006,0.3511180392132469,76.54405242557733,4.29430420042345
289.7366655,0.084,5.384478701694496,4.293149627873031,0.3538512404611321,77.13488541772635,4.29793865923058
289.7648685,0.084,5.384478701694496,4.310507060805628,0.3553095878807845,77.44674587367442,4.296513135841504
289.793082,0.084,5.384478701694496,4.289088044782334,0.3535885082026468,77.06191108105719,4.29956270651117
289.821157,0.084,5.384478701694496,4.352729024606679,0.3588411318265734,78.20534657996264,4.292917483074419
289.849272,0.084,5.384478701694496,4.2770079803293335,0.3525911877324453,76.84486893992815,4.299544342749695
289.87764400000003,0.084,5.384478701694496,4.274243786531113,0.352342736111152,76.79520475619837,4.294787974302142
289.905867,0.084,5.384478701694496,4.3229750935542,0.3563350651493938,77.6707586290654,4.294794443573253
289.934189,0.084,5.384478701694496,4.244816618464768,0.3499018270821765,76.26648774567798,4.295815144197722
289.962689,0.084,5.384478701694496,4.268558966288411,0.3518716414337,76.69306576826413,4.290513660655587
289.991099,0.084,5.384478701694496,4.271432569871445,0.35211942885016,76.74469571418408,4.299097778721009
290.0194705,0.084,5.384478701694496,4.279800219145877,0.3528275415551163,76.89503700762714,4.29715682265021
290.0476545,0.084,5.384478701694496,4.327888709622415,0.3568309276797256,77.75904141565819,4.299088335209822
290.07583750000003,0.084,5.384478701694496,4.279231534300065,0.352852439340334,76.88481946474539,4.298228556165773
290.1040615,0.084,5.384478701694496,4.3149176581963005,0.355789939967381,77.525990939382,4.297848467090769
290.1322065,0.084,5.384478701694496,4.303693036726139,0.3548305311658524,77.32431851563578,4.299829880587417
290.1605475,0.084,5.384478701694496,4.256099172802587,0.3508962812276277,76.4692010474499,4.3003519730501445
290.18881050000005,0.084,5.384478701694496,4.327505974758742,0.3568054652614182,77.7521648303039,4.294812176681775
290.21681650000005,0.084,5.384478701694496,4.33354974740552,0.3573409403440026,77.86075310488286,4.297256530228223
290.245178,0.084,5.384478701694496,4.220137221050978,0.3479781603228834,75.82307378234162,4.295918256887211
290.2731845,0.084,5.384478701694496,4.44654044433169,0.3666425989598858,79.89085343124562,4.294929418828773
290.30125,0.084,5.384478701694496,4.202601458445614,0.3465552393701949,75.50800928272685,4.295503657721624
290.329453,0.084,5.384478701694496,4.4019673949657045,0.3629829572225511,79.09001084396608,4.294275592648117
290.3576655,0.084,5.384478701694496,4.200031446597102,0.3463272120551065,75.461833960029,4.296169076862576
290.386373,0.084,5.384478701694496,4.249399675948889,0.3503922100476467,76.3488313965038,4.292935182566433
290.4146655,0.084,5.384478701694496,4.324485565958979,0.3565764669232208,77.69789723963532,4.297309226029862
290.4430765,0.084,5.384478701694496,4.214320684013821,0.3475065818082921,75.71856824287099,4.299152988719393
290.4710635,0.084,5.384478701694496,4.459132049038199,0.3676940793606061,80.11708640014939,4.299065963808334
290.498803,0.084,5.384478701694496,4.28826132396436,0.3535885082035337,77.04705741391435,4.295679008852401
290.526996,0.084,5.384478701694496,4.315289419133984,0.3558279178253901,77.53267035655043,4.298760092306571
290.5554165,0.084,5.384478701694496,4.220437772830605,0.3479902689101662,75.82847378678898,4.297338219732214
290.5837285,0.084,5.384478701694496,4.349458612893633,0.358596654843634,78.14658719475118,4.2981685924545525
290.6114785,0.084,5.384478701694496,4.392589798717833,0.3621548291672939,78.9215238647616,4.299468514912756
290.639633,0.084,5.384478701694496,4.226360510825109,0.3484874476512762,75.9348874355468,4.298512778805613
290.66835000000003,0.084,5.384478701694496,4.219952751394049,0.3479781603222358,75.81975942177104,4.3014109312025735
290.69667200000004,0.084,5.384478701694496,4.345817601812668,0.3583525107747345,78.08116926225902,4.298743950317403
290.7249045,0.084,5.384478701694496,4.246310060937613,0.3501591068564305,76.2933203799922,4.299165532150125
290.75336500000003,0.084,5.384478701694496,4.275897728760301,0.3525911877333899,76.82492108462718,4.30204736567623
290.7816185,0.084,5.384478701694496,4.309186406032087,0.3553095878810632,77.42301771056263,4.2945922950084015
290.8097625,0.084,5.384478701694496,4.309746747033961,0.3553348372292142,77.43308533986068,4.298675815032077
290.8377975,0.084,5.384478701694496,4.343279927835362,0.3580830538346451,78.03557495308421,4.297232091587947
290.86633700000004,0.084,5.384478701694496,4.161057486166132,0.3430365693569494,74.76159002895332,4.300421263205007
290.894462,0.084,5.384478701694496,4.476066614774203,0.3690373680088374,80.42134921436973,4.302727439805718
290.9220835,0.084,5.384478701694496,4.309348312598365,0.3553095878810291,77.42592668078747,4.307768193881484
290.950375,0.084,5.384478701694496,4.265513094401383,0.3516489307577997,76.6383406831011,4.3065905859413665
290.9791995,0.084,5.384478701694496,4.152889146413793,0.342343736559262,74.61482972347525,4.301056115610602
291.0076305,0.084,5.384478701694496,4.387638140041814,0.3616571479199362,78.8325575678213,4.301248683870054
291.035637,0.084,5.384478701694496,4.278123169519881,0.3525911877322064,76.8649055093208,4.30171711536663
291.0639,0.084,5.384478701694496,4.308294579581943,0.3550698979293776,77.4069942925579,4.303942704712572
291.0918965,0.084,5.384478701694496,4.3604149442334,0.35934399889446,78.34343925809524,4.303508328291331
291.1200205,0.084,5.384478701694496,4.270242272976172,0.3518840225208758,76.72330968700396,4.299704013916568
291.14815450000003,0.084,5.384478701694496,4.357534506696164,0.3590859424038183,78.29168652673336,4.304476149371965
291.17640800000004,0.084,5.384478701694496,4.234161643777819,0.3489495177458592,76.07505014791279,4.305944380010328
291.2046905,0.084,5.384478701694496,4.348305111550763,0.3583396702954862,78.12586227211308,4.3045062680787245
291.2326865,0.084,5.384478701694496,4.321001394464638,0.3560686326753677,77.63529723910264,4.30711299580551
291.261226,0.084,5.384478701694496,4.185612970957718,0.3449058386374559,75.20277765807262,4.3092155255035784
291.2896865,0.084,5.384478701694496,4.345524659274206,0.3580830538349079,78.07590597281029,4.307364540910689
291.317594,0.084,5.384478701694496,4.351437074421168,0.3585837968608135,78.1821341512884,4.306232904197699
291.3456105,0.084,5.384478701694496,4.311652453194241,0.355309587880543,77.46732510298439,4.305436820803596
291.373695,0.084,5.384478701694496,4.330115856973768,0.3568436602520927,77.79905650263295,4.308560775989174
291.4011865,0.084,5.384478701694496,4.500911958610779,0.3709400501377928,80.86774473190675,4.310069025745449
291.4292025,0.084,5.384478701694496,4.173104406109696,0.3439686642658566,74.97803666371543,4.306877490603991
291.4579595,0.084,5.384478701694496,4.265425587461446,0.3516118397195413,76.63676844864148,4.30669843215586
291.486302,0.084,5.384478701694496,4.295001213045188,0.3540642146388919,77.16815279074504,4.315742406551094
291.5144265,0.084,5.384478701694496,4.331684521514144,0.3570857518934063,77.82724064948755,4.312829337109781
291.5425405,0.084,5.384478701694496,4.298333399938576,0.3543276546196224,77.22802208869432,4.313545209512561
291.5706455,0.084,5.384478701694496,4.334255438150188,0.3573154050859314,77.87343222847475,4.314357695116457
291.5988785,0.084,5.384478701694496,4.259438795601139,0.3511426962937827,76.52920394607524,4.310429449687376
291.62692400000003,0.084,5.384478701694496,4.393385251764011,0.3621679445408164,78.93581574482413,4.310507178635928
291.6549305,0.084,5.384478701694496,4.27134082373673,0.3521070311908303,76.74304731424412,4.31277373139719
291.68325200000004,0.084,5.384478701694496,4.295483684206562,0.3540892872812268,77.17682133504834,4.313379621411604
291.7113565,0.084,5.384478701694496,4.337545531375124,0.3575709220171961,77.93254523079628,4.312857813654808
291.739284,0.084,5.384478701694496,4.34948626819268,0.3585837968619483,78.14708407664632,4.311808756266222
291.7675165,0.084,5.384478701694496,4.244401945280939,0.349938558184564,76.25903732552193,4.315637992351452
291.7960065,0.084,5.384478701694496,4.270139462079378,0.352082238491387,76.72146248682897,4.315503582002582
291.82426,0.084,5.384478701694496,4.315417009041733,0.3558279178253632,77.53496276044213,4.313628437978402
291.8525125,0.084,5.384478701694496,4.270395917661369,0.3521070311903287,76.72607021626918,4.314014455286338
291.8801035,0.084,5.384478701694496,4.528855356243813,0.3734054194104691,81.36980288534548,4.312487430947462
291.907942,0.084,5.384478701694496,4.197644582647332,0.3460755307491957,75.41894924991362,4.3050898946352145
291.9366295,0.084,5.384478701694496,4.259246048716806,0.3511426962938244,76.52574086881813,4.311748770739533
291.964438,0.084,5.384478701694496,4.4694282502469775,0.3684934451371609,80.30207792602604,4.312611474650512
291.9921575,0.084,5.384478701694496,4.285680709595851,0.3533511340458219,77.00069159607051,4.312011194696549
292.0204005,0.084,5.384478701694496,4.303178703617168,0.3548053534382028,77.31507750871411,4.3141269354444125
292.0484755,0.084,5.384478701694496,4.336731575718301,0.3575964938123194,77.91792091490555,4.317545856083781
292.076817,0.084,5.384478701694496,4.222926354215609,0.3482204923084402,75.8731860508896,4.312370368522227
292.1053665,0.084,5.384478701694496,4.272962786175463,0.352355150376587,76.77218906277562,4.318690379456434
292.133224,0.084,5.384478701694496,4.436863853340323,0.3658512348251251,79.71699442281336,4.314268029783766
292.1611415,0.084,5.384478701694496,4.255367794282328,0.3508716587423818,76.4560603923954,4.315447338251956
292.189395,0.084,5.384478701694496,4.330041840062889,0.3570730020389316,77.79772664310453,4.3156709544826946
292.2175485,0.084,5.384478701694496,4.2842843858641455,0.3533511340461201,76.97560389114827,4.316264504573564
292.24573250000003,0.084,5.384478701694496,4.319636233940758,0.3562969789571799,77.61076944256311,4.315204557795514
292.2737295,0.084,5.384478701694496,4.340820297063775,0.3580830538358855,77.99138284375158,4.31459945373237
292.3018345,0.084,5.384478701694496,4.285807033574834,0.3535760068760992,77.00296125505959,4.318298768976152
292.329988,0.084,5.384478701694496,4.325163058971999,0.3568436602524059,77.71006973546245,4.319255150658505
292.3581715,0.084,5.384478701694496,4.276670005113123,0.3528275415557869,76.83879654976332,4.319922175949368
292.386632,0.084,5.384478701694496,4.241998187682133,0.3499263136281392,76.21584908774142,4.313105408724326
292.414678,0.084,5.384478701694496,4.406165069760825,0.3634578759962568,79.16543033604258,4.315827821199235
292.4425455,0.084,5.384478701694496,4.295620224345703,0.3543527645896364,77.17927454746824,4.319155167691174
292.470837,0.084,5.384478701694496,4.27399141465647,0.3525911877330923,76.79067039860065,4.3127411509279785
292.498774,0.084,5.384478701694496,4.405735447689392,0.3634842968157898,79.15771132968935,4.3142422604229855
292.5262475,0.084,5.384478701694496,4.417995622316447,0.3645044274836009,79.37798950469619,4.314542336169398
292.5545555,0.084,5.384478701694496,4.153113373495846,0.3426956743138732,74.61885840446261,4.313546074652053
292.582668,0.084,5.384478701694496,4.4806391782983646,0.369774216208776,80.50350432054435,4.316228735461918
292.6104835,0.084,5.384478701694496,4.238603013220607,0.34981615115948,76.15484809412064,4.319334506775877
292.638824,0.084,5.384478701694496,4.312616620123402,0.3559545692659446,77.48464826011862,4.314430591472961
292.666947,0.084,5.384478701694496,4.303310252282403,0.3552212434160438,77.31744103947806,4.316508180377131
292.694921,0.084,5.384478701694496,4.358319784555543,0.3597706040007649,78.30579558953217,4.314310524048533
292.7228655,0.084,5.384478701694496,4.312388130960953,0.355967239369206,77.48054300246575,4.316554157387255
292.7512555,0.084,5.384478701694496,4.223223303070916,0.3485967746723105,75.87852132170809,4.317346520158303
292.779368,0.084,5.384478701694496,4.3996154956117,0.363141125511433,79.04775434165195,4.316070812619052
292.8070655,0.084,5.384478701694496,4.348890367924128,0.3589828235637926,78.13637755511334,4.318905245704127
292.8350995,0.084,5.384478701694496,4.293741802841556,0.3544783678471557,77.14552500690998,4.318217676105597
292.8633205,0.084,5.384478701694496,4.290268503367324,0.3542272503185604,77.0831203436234,4.317101264715795
292.891542,0.084,5.384478701694496,4.292929019269179,0.3544658035147029,77.13092174982394,4.3213066820029695
292.9194865,0.084,5.384478701694496,4.375703175934634,0.3613174165987366,78.61812244007848,4.315399540330791
292.947589,0.084,5.384478701694496,4.244937663535162,0.3505395931007348,76.26866255868116,4.318692182390162
292.9758105,0.084,5.384478701694496,4.3382195419210925,0.3582369795865206,77.94465515724656,4.321613057244554
293.003805,0.084,5.384478701694496,4.313681354741605,0.356208142832798,77.50377831378415,4.317638185364608
293.031918,0.084,5.384478701694496,4.301862422611245,0.3552212434156336,77.29142792894866,4.314252564098104
293.060021,0.084,5.384478701694496,4.316819482560857,0.3564620779552269,77.56016095840306,4.3185206958004745
293.0878665,0.084,5.384478701694496,4.38166478216401,0.3618403449413723,78.72523443319956,4.31614596508368
293.1158795,0.084,5.384478701694496,4.265226817738307,0.3522558607506972,76.63319715922744,4.31690582663175
293.1440615,0.084,5.384478701694496,4.328083405928236,0.3574686714030943,77.76253951811036,4.31912626619498
293.1722835,0.084,5.384478701694496,4.253123868561991,0.3512660336648079,76.41574384898858,4.318097195198664
293.200396,0.084,5.384478701694496,4.362811552719402,0.3602890611208678,78.38649904798905,
293.22820249999995,0.084,5.384478701694496,4.347368930927414,0.3589828235641084,78.1090419440622,
293.256226,0.084,5.384478701694496,4.29617053319001,0.3547424247498926,77.18916192930428,
293.2841305,0.084,5.384478701694496,4.385012191552449,0.3620761568722869,78.78537723324247,
293.312016,0.084,5.384478701694496,4.301098123023448,0.3552212434157958,77.27769578210085,
293.340376,0.084,5.384478701694496,4.237595606470056,0.3500487977812794,76.13674804846458,
293.3684495,0.084,5.384478701694496,4.389187792733244,0.3626012854588434,78.86040012937906,
293.396651,0.084,5.384478701694496,4.199415111234594,0.3469399649062574,75.45076028180048,
293.4247835,0.084,5.384478701694496,4.410862696423691,0.3644247311074489,79.24983244772832,
293.452333,0.084,5.384478701694496,4.376222034560199,0.361565618962162,78.62744475681562,
293.480347,0.084,5.384478701694496,4.266614931891252,0.3524917650491757,76.65813736290424,
293.50860850000004,0.084,5.384478701694496,4.299498877988847,0.3552086263644656,77.24896219646061,
293.53675050000004,0.084,5.384478701694496,4.302497983078797,0.3554864087178046,77.30284702403966,
293.5645755,0.084,5.384478701694496,4.397523603210558,0.3633918407513345,79.01016937614767,
293.59252,0.084,5.384478701694496,4.265198167403034,0.3524917650494816,76.63268239954749,
293.6204845,0.084,5.384478701694496,4.390332004836425,0.3628644214041596,78.8809581525375,
293.6484395,0.084,5.384478701694496,4.2672927674114005,0.3527279855452946,76.6703160125463,
