T(K),Fc,X,m(mol/kg),cp(J/gK),cpm(J/molK)
183.98865,0.1412559263277192,0.31322277623243966,26.77918168911762,3.2725059052678884,58.030525711944584
184.0169205,0.1411167329312578,0.3131723821297011,26.772908679778244,3.3308260778926457,59.06487420603443
184.0454275,0.1409795348722626,0.313121563338486,26.76658373775667,3.2052212489113536,56.83771527327698
184.0743125,0.1408379208986477,0.31307006749453975,26.760175483900525,3.221927742047845,57.13413858281838
184.10261,0.1406969169108773,0.31301961590090516,26.75389811050114,3.366179426186762,59.69231352586123
184.1304035,0.140560944630791,0.31297005985212384,26.74773306164327,3.358077692147079,59.548815868970095
184.1587735,0.1404247692089303,0.3129194727820692,26.741440665249513,3.198501465932127,56.719214831812764
184.18786849999998,0.1402830449155752,0.31286758966636435,26.73498801945775,3.1532324204633198,55.91662334894237
184.2165665,0.1401396570947903,0.3128164112207826,26.728623967313847,3.305918856111557,58.62440187759743
184.244864,0.1400017138901201,0.31276594380865846,26.722349260555593,3.261109044073631,57.82995029093268
184.2728945,0.1398621431406908,0.31271594943739367,26.71613427643328,3.385085749467177,60.028628881280675
184.301356,0.1397267139139849,0.3126651831335505,26.709824255694453,3.1448498205672983,55.76862418167949
184.3300575,0.1395828046144644,0.31261398545245567,26.70346156068042,3.3135544224862956,58.76049000093576
184.358408,0.1394449127179858,0.3125634106240535,26.697177202454572,3.237508811124916,57.41211226539397
184.38698399999998,0.1393043393853057,0.3125124302302229,26.6908433849952,3.248236983064833,57.60252867968034
184.41554100000002,0.1391641238211606,0.3124614804162661,26.68451430523669,3.2422400265316944,57.4963505948319
184.4436515,0.1390236272476996,0.3124113239710899,26.67828469537552,3.3775944134004634,59.89683435112097
184.4718155,0.1388876943145662,0.31236106881928294,26.67204373725885,3.231095145962323,57.299044068114185
184.50039149999998,0.1387465628122598,0.31231007516757014,26.665712000567623,3.265863822513692,57.915789063744334
184.52911999999998,0.1386064684957798,0.3122588059783935,26.659346997750326,3.196668554227671,56.688869673561925
184.557818,0.1384637241012722,0.3122075877997297,26.65298927532157,3.2806713181375255,58.17872403304018
184.5866685,0.1383238195261885,0.31215609398991423,26.646598293217735,3.1628449192237746,56.08938227319602
184.6154045,0.1381794591004637,0.3121048010828151,26.64023319671104,3.320758996213303,58.88997911967653
184.643496,0.1380405722968324,0.312054655235175,26.6340113599393,3.3441839595488303,59.30556622624174
184.671946,0.137902455181567,0.31200386603961605,26.627710624402088,3.2174041007445,57.05742646498296
184.70066300000002,0.1377599227656556,0.3119525967163552,26.621351269275983,3.264164056509684,57.88683826073455
184.728915,0.1376190610960222,0.3119021541491542,26.61509538834848,3.345900888677526,59.33653552582405
184.75716649999998,0.1374810079186487,0.31185170906677284,26.608840112692956,3.2639095021026274,57.88266044759729
184.78589499999998,0.1373400409860393,0.31180040875810383,26.602479728005704,3.2135664441293335,56.99003756071463
184.8145475,0.1371971650176031,0.31174924062432297,26.59613667531501,3.288909372438971,58.326356252440576
184.8430775,0.1370568372342542,0.3116982877287209,26.589821241742907,3.251886338782032,57.66994965167713
184.871596,0.1369150593726033,0.31164735184282116,26.583508850951663,3.29531406881277,58.440281843741104
184.900313,0.1367747341403594,0.31159605784426514,26.577153023914658,3.1977917540653595,56.71095373258211
184.92904900000002,0.1366308787097729,0.3115447262992373,26.570793492637073,3.2881648046539604,58.3138390345551
184.9575865,0.1364902531328258,0.3114937457510264,26.56447838537255,3.2505136750054717,57.646285771867106
184.9861815,0.1363482492211858,0.3114426588834998,26.55815104609242,3.271241038370623,58.014046283309135
185.014773,0.1362069418195294,0.3113915746531126,26.551824972193607,3.250341741602166,57.64357594679624
185.043097,0.1360648592862649,0.3113409647843762,26.5455585669056,3.3488975161405463,59.39159834789953
185.0717795,0.135926092511795,0.3112897106972664,26.53921333451458,3.157067701552176,55.98972488443927
185.10060349999998,0.1357803398801999,0.3112382000493984,26.532837291481012,3.308273710569234,58.67149587403809
185.12888199999998,0.135640056994919,0.3111876606250503,26.52658239435576,3.3049954383099847,58.61352712108398
185.15724799999998,0.135499604359938,0.31113696119891776,26.520308617134926,3.284680182987073,58.25340971483207
185.1855185,0.1353583409361353,0.3110864288406079,26.514056432501803,3.3330014323380883,59.11055338182499
185.21403750000002,0.1352187257443431,0.3110354486211053,26.507749765000884,3.214511272045897,57.00930590875973
185.24289950000002,0.1350748792731287,0.31098385148426794,26.501367730079206,3.235182422396604,57.376078994188944
185.271723,0.1349317402502733,0.31093231937075877,26.494994691837125,3.223779350708935,57.174014849066495
185.30008550000002,0.134788160142251,0.310881607731998,26.48872405319652,3.3663696945195603,59.70304177355202
185.32829900000002,0.1346494944259297,0.31083115882373946,26.482486817606354,3.2680425197006415,57.95936391029999
185.3566385,0.1345072835352843,0.3107804809061187,26.476222187835237,3.332242905873051,59.09814268441111
185.3852105,0.1343672521310437,0.3107293834469548,26.4699066284543,3.2046265625763493,56.83500295124716
185.414042,0.1342226100942172,0.3106778180481406,26.463534181734737,3.259046170997521,57.80032257135794
185.442561,0.1340798781070275,0.3106268077335689,26.45723127025436,3.291236197724588,58.37139548966568
185.471003,0.1339382355146003,0.3105759313421732,26.450945835555626,3.2806516924218236,58.18384558445524
185.4992355,0.133796156775312,0.31052542593069876,26.44470715040613,3.3523043982316736,59.45481181791231
185.527716,0.1336564916334261,0.31047447305133885,26.438414117855714,3.212375169142157,56.97326350697107
185.55648250000002,0.1335118223174114,0.31042300459859457,26.432058352578938,3.2681606061492023,57.962821189098534
185.584696,0.1333691867723073,0.31037252173522334,26.42582521793156,3.3637405567811682,59.65816340885611
185.613108,0.1332299268708615,0.31032167984884085,26.41954867686222,3.2071867054101344,56.881743930877285
185.6418825,0.1330851920636233,0.310270185341112,26.41319251148827,3.254449215832249,57.720149505558844
185.6701835,0.1329421933250892,0.3102195343169408,26.4069413863672,3.3376158045390527,59.195345394640285
185.69837,0.1328020786548347,0.31016908437205826,26.400715990083516,3.287300045309737,58.30312372203427
185.72678200000001,0.1326601109807708,0.31011822691715235,26.39444122965619,3.276694090091789,58.11518816440203
185.75547999999998,0.1325176251639733,0.3100668535377668,26.38810375398937,3.2104808489181003,56.94100386562673
185.78421600000001,0.1323726767101108,0.31001540810650646,26.381758335635716,3.26493363154649,57.906948613195425
185.812346,0.1322296932075951,0.3099650436675259,26.37554716633784,3.380170227139995,59.95096184991089
185.840655,0.1320907027191716,0.3099143548188442,26.369296904771996,3.2128383608962863,56.98331727076903
185.8691695,0.1319458084146614,0.3098632940169018,26.363001707236425,3.3176999669918326,58.84332939477907
185.897707,0.1318046428502577,0.30981218800193083,26.356701868153003,3.2059534477452516,56.861540241917524
185.926302,0.131659399233955,0.30976097495919264,26.350389771581273,3.300759703354068,58.54321889423814
185.9545845,0.1315175405886661,0.30971031759139667,26.34414708432122,3.2885129087760516,58.326176459144975
185.9829775,0.1313753179373134,0.309659458283899,26.337880432980533,3.261643031447404,57.849772734089946
186.01135900000003,0.1312322332308106,0.30960861553612984,26.331616744898263,3.2849584918387977,58.263475489089195
186.040118,0.1310900101378131,0.3095570923993798,26.325270175835602,3.156207685505454,55.98006045362311
186.0687625,0.1309430106027106,0.30950577024473686,26.318949305149182,3.3195741097544587,58.877782230801664
186.0971095,0.1308018221655375,0.30945497702756103,26.312694503827707,3.240292681256668,57.47177162054968
186.125895,0.1306576968557109,0.3094033939109302,26.30634337400247,3.20157859666457,56.7852841778013
186.15426100000002,0.1305119758294205,0.30935255839816894,26.300085220485574,3.3664875338688782,59.710391412625306
186.18249,0.1303719582419636,0.30930196432070545,26.29385770373806,3.2409447955471773,57.48384462664129
186.2109515,0.1302274989608262,0.30925094939932507,26.28757930989913,3.2951401667409312,58.44526642726789
186.23933649999998,0.130085022156195,0.309200067443785,26.28131820381812,3.256672222756507,57.76313723275403
186.267958,0.1299412157550243,0.3091487573323194,26.275005346413455,3.2234329980477576,57.173746778802055
186.2962785,0.1297962345676362,0.30909798264837746,26.26875928750476,3.335119621298547,59.154895595863024
186.324454,0.1296553484016063,0.30904746379086956,26.262545610198853,3.2542711691257127,57.72105752200814
186.352999,0.1295117129243825,0.3089962781947024,26.25625085253598,3.223997474853395,57.18426116318464
186.381609,0.1293669771502578,0.3089449717649923,26.24994217066935,3.2345394851913625,57.371415083661056
186.4099865,0.1292225653200481,0.30889407803356694,26.24368515995018,3.29163581687397,58.38431074750977
186.43857400000002,0.12908006081882,0.3088428033885095,26.23738225054352,3.181927440996052,56.438561120232464
186.467196,0.1289334046804159,0.30879146253836015,26.23107213983598,3.285766847360772,58.28055634652018
186.495341,0.1287904322361781,0.3087409730750548,26.22486758401814,3.3142284009114364,58.78555778387112
186.523726,0.1286484845297068,0.3086900488085597,26.218610514082428,3.2147074816382366,57.02048982414143
186.5522825,0.1285029630582244,0.3086388125249761,26.212316036829645,3.264478072304456,57.903460634888674
186.580801,0.1283591593715288,0.3085876400666346,26.206030331779132,3.2279284099002723,57.2553322338676
186.609301,0.1282139017560905,0.30853649644275916,26.19974909814803,3.2736165732026303,58.06589642641695
186.637675,0.1280701657649456,0.3084855745830653,26.193496023684187,3.267150694800735,57.951377662630144
186.666182,0.1279260656632332,0.3084344096537629,26.187214028358277,3.2403005406295335,57.475290055508175
186.6943765,0.1277808598410045,0.30838380127495113,26.181001280282484,3.3612140761544986,59.62018484167181
186.72272750000002,0.1276398133366889,0.3083329076266075,26.174754429019952,3.2021201720717007,56.79839246444502
186.7513985,0.1274928971156999,0.3082814350814071,26.168437457057706,3.2762608580730834,58.113653392895145
186.7795815,0.127348480194006,0.3082308342532121,26.162228382939706,3.346549812117395,59.360597693212036
186.807898,0.1272064029902016,0.30817998934647045,26.15599027354942,3.242219308546784,57.51016734232564
186.8365195,0.12706050808872,0.3081285923009851,26.14968535467678,3.261774413592427,57.85720517334325
186.86501900000002,0.1269152080550339,0.30807740984512044,26.14340769051335,3.2786132644779724,58.1560634048873
186.8933545,0.1267704323637239,0.30802651746087617,26.137166525191304,3.3089463937633585,58.69428472069136
186.92186199999998,0.1266266808292609,0.30797531165510367,26.13088785002098,3.229656157077587,57.28799884589444
186.95019,0.1264800311735355,0.30792442378820856,26.124649079860916,3.3585371970058637,59.57427965018889
186.97852949999998,0.1263379886357373,0.307873510777907,26.118408145237858,3.221891744817729,57.15060798234456
187.0071815,0.1261910988531562,0.3078220317751241,26.11209876452604,3.2627389099693676,57.875335397811355
187.035433,0.1260457484731668,0.30777126783336134,26.10587794223617,3.3309260703436103,59.08503026216419
187.063723,0.125902822457244,0.30772043020507855,26.099649004413646,3.248503341651851,57.62315832791801
187.09252750000002,0.1257569571850297,0.3076686633630922,26.093307153643057,3.182001298980871,56.4436887182796
187.121092,0.12560865465925,0.30761732319868434,26.087018510897177,3.3123698821050436,58.75639570771546
187.1491875,0.1254651177453847,0.3075668214614755,26.08083347668859,3.3106165952796855,58.72546590702966
187.177546,0.1253214851281641,0.30751584241589836,26.074590900665665,3.2362139479242984,57.40584102277989
187.2058475,0.1251751378671718,0.30746496125118195,26.068361226937174,3.3260049452752396,58.99877876084524
187.23385100000002,0.125031967374712,0.30741461131615433,26.062197495763527,3.320409586149195,58.89969556969077
187.26230049999998,0.124888547795394,0.307363454858964,26.055935949643317,3.196165645447088,56.695938666612165
187.290884,0.1247406895564842,0.3073120527467863,26.049645266902086,3.2712674459091176,58.02832149549934
187.3195365,0.1245957751505419,0.30726052180604374,26.043339754955063,3.1659215512534966,56.159779645603166
187.3479485,0.1244470833761266,0.3072094186950626,26.037087520182087,3.3327898717248954,59.120004312376864
187.375895,0.1243045114273177,0.30715914827003077,26.03093806066792,3.290951725568148,58.37801094106065
187.4042345,0.1241604694254215,0.3071081662577253,26.024702465745595,3.217237735173872,57.070570132690904
187.4329055,0.1240137443118526,0.3070565831017366,26.01839427895302,3.195302829258509,56.68163532215232
187.460955,0.123866175916,0.30700611344181145,26.01222317229169,3.3965187853378653,60.25119030214163
187.489218,0.1237257095030049,0.306955254945129,26.00600543037473,3.1369990380461736,55.647706274753084
187.51806449999998,0.1235758226647268,0.3069033415932231,25.999659667461806,3.2266875304108575,57.2388753338
187.546446,0.1234292375470371,0.30685226026641027,25.993416537092585,3.266536792270345,57.9459401020312
187.574381,0.1232840039898018,0.3068019778848147,25.98727195197878,3.3559274178790095,59.531835927349164
187.60271649999999,0.1231418885720989,0.3067509698654771,25.98103960354563,3.155162457697709,55.97056856100448
187.63140700000002,0.1229924097216505,0.3066993179102628,25.97472951114628,3.256956062954979,57.77649405511687
187.65988,0.122846516685715,0.3066480526510853,25.968467589324536,3.2255402381204354,57.21936467517892
187.688292,0.122699149682053,0.3065968923695203,25.962219413333973,3.2886793035319726,58.33958996131184
187.716742,0.1225537601347171,0.3065456587927926,25.95596320975993,3.227134976016532,57.24799211785924
187.7450585,0.1224058748226783,0.3064946607740534,25.949736688505237,3.335200788287464,59.16520713367042
187.77373,0.1222617376361485,0.30644301845390953,25.94343243541669,3.13522183638659,55.6178212076761
187.802466,0.1221100614626597,0.3063912549502322,25.93711433087618,3.3202585889514484,58.90048895812554
187.831061,0.1219651331580312,0.3063397404459141,25.930827554649905,3.1769005610859917,56.357523558393574
187.8595415,0.1218147815992161,0.306288427253666,25.92456627457466,3.3567165214710504,59.547595504069484
187.8875525,0.1216709110349294,0.3062379551138825,25.91840852401543,3.3093498323741524,58.707488950607164
187.9156515,0.1215252840063205,0.30618731957051765,25.912231737994873,3.3313603556710945,59.098125488540106
187.9438155,0.1213803808162863,0.3061365620178046,25.906040973419884,3.289012160159438,58.34704171590216
187.97217,0.121233956801566,0.3060854561980252,25.899808646641524,3.272990600227711,58.06299032369042
188.001013,0.1210869572901298,0.30603346480675186,25.89346926683599,3.150144729783328,55.88386678793684
188.0297875,0.1209353473282482,0.30598159174711687,25.8871452619361,3.287822036680051,58.32644955977343
188.0580085,0.1207889284635132,0.30593071150208323,25.88094321244711,3.298526132134674,58.51651328595471
188.0862525,0.1206429233576672,0.30587978481477685,25.874736412363205,3.2758208665491892,58.11388779696519
188.1147215,0.120496139901328,0.3058284473802988,25.868480473329637,3.2297669450190525,57.29704904434231
188.143103,0.1203476744310254,0.3057772626719641,25.862244066505294,3.296813764341123,58.486652459490834
188.171355,0.120201671525382,0.305726306479339,25.856036415709823,3.262588558119726,57.8796549631304
188.200095,0.1200544219768558,0.30567446495006656,25.849721845331597,3.1601842447545887,56.06312797525278
188.22846099999998,0.1199032230380762,0.30562329292498364,25.84348974877141,3.3742088475101664,59.86019970068482
188.2565485,0.1197597310193733,0.3055726182853461,25.83731913251393,3.2390054571069253,57.46178975784714
188.2849985,0.1196112964514304,0.3055212845218042,25.83106917334799,3.2678318839035145,57.97335828911583
188.313376,0.1194639099195415,0.3054700764349669,25.824835435998587,3.2550267940406843,57.74635839430229
188.341849,0.1193161002087676,0.3054186908437389,25.81858101437711,3.2355901186641725,57.401708624651576
188.370295,0.1191675908636879,0.3053673487931995,25.812332816499648,3.2608084815473837,57.849271685933786
188.39866849999999,0.1190199329735884,0.3053161324197369,25.806100833388662,3.2584379510202557,57.80738715917329
188.427149,0.1188720491214584,0.30526471768885494,25.799845638441756,3.2328062854755206,57.352830027335926
188.45595400000002,0.1187231466980445,0.30521271182339094,25.79351946696029,3.16890202980132,56.21928065741097
188.48429349999998,0.1185717485323795,0.30516154115083927,25.78729581549043,3.369684295870384,59.78152170601564
188.5122435,0.1184275710344778,0.30511106866559196,25.78115797923094,3.2794013071869683,58.17998160127001
188.5408155,0.1182801063988352,0.30505946770985193,25.774883834104543,3.1909989505459024,56.61180032427815
188.5695365,0.1181293085511446,0.3050075922927066,25.768577256412776,3.235679593178408,57.40465514842639
188.59796,0.1179801568598074,0.3049562489032293,25.762336285143295,3.273450898897781,58.07493302763038
188.62604750000003,0.1178323347040481,0.30490550724998156,25.756169362886755,3.333564924158109,59.14160055245985
188.65428,0.1176865653915781,0.30485449841913287,25.74997087643739,3.2344457501481774,57.38327133110691
188.68316499999997,0.1175370975796758,0.30480230525213403,25.74362941346492,3.1512708886766845,55.90780924879659
188.71150799999998,0.1173843711893951,0.30475108608184504,25.737407216601767,3.395070752122817,60.23332637220971
188.739401,0.1172404447604959,0.30470067491917824,25.731284073093715,3.2804870132161565,58.200618793165674
188.768122,0.1170922980097397,0.3046487619081644,25.7249794369102,3.1601197224751654,56.06529532593768
188.7963545,0.1169395690381675,0.30459772650445216,25.718782300338635,3.4248104187944124,60.76148653075167
188.8244345,0.1167964118316386,0.3045469614948484,25.71261889956424,3.202653021502599,56.820233410389235
188.85307899999998,0.1166451482698688,0.3044951705056304,25.70633186137627,3.2592800295942927,57.8250604063052
188.881697,0.1164959418109135,0.30444342193315593,25.700050907376333,3.2109494094194933,56.967764429626605
188.9098995,0.1163448213432546,0.3043924193008961,25.693861405865263,3.383851324629227,60.035518094538645
188.93821200000002,0.116199845863124,0.3043412123457439,25.687648021475756,3.1851811157928647,56.51092323982966
188.96670749999998,0.1160474363577609,0.30428966893987397,25.681394736292216,3.336419498297066,59.19434374621205
188.995089,0.115900408710793,0.3042383262712365,25.6751667258084,3.2267597648177513,57.248943545189604
189.023329,0.1157490623510088,0.30418723414811294,25.668970019590727,3.388759411524142,60.123306733491766
189.0516035,0.1156033929523839,0.3041360741668181,25.662765994967245,3.2246759929041677,57.21231032928517
189.07997,0.1154515494950769,0.304084742236642,25.656542035372215,3.366129257697103,59.7221554853532
189.108397,0.1153047820418866,0.3040332953020666,25.650305052776737,3.2077606757869024,56.912535079182085
189.1367745,0.1151521659668097,0.3039819324233815,25.64407918016069,3.377002065362516,59.915416533972724
189.16526249999998,0.1150057892609681,0.3039303639713488,25.637829313622397,3.171930343639198,56.27716196224011
189.1938075,0.1148518717571028,0.3038786867277764,25.63156719094305,3.356526904936604,59.55249642326606
189.22202149999998,0.1147047625117676,0.30382760318641794,25.625377925375393,3.2668922359299497,57.962342048458815
189.25051000000002,0.114554200480131,0.303776017047629,25.619128686952397,3.2815526957405634,58.222626015254626
189.27883,0.1144040617990134,0.3037247304380849,25.61291665199206,3.3168875877691,58.849725682800354
189.3070435,0.1142551446741454,0.30367363114557094,25.60672821566822,3.3131161940450546,58.78298489145755
189.3355965,0.1141059974681223,0.30362191130806676,25.600465552366085,3.222557316580631,57.17641374255045
189.3645345,0.1139533577798034,0.3035694882778752,25.594118689949315,3.205440503043359,56.872889368383035
189.39306449999998,0.1138000031177159,0.3035177986180036,25.58786155224274,3.3375983704925223,59.21789150562467
189.4211065,0.1136515418989623,0.30346698752485973,25.581711671953048,3.3415033118552766,59.28734906083188
189.44925899999998,0.1135032159217603,0.3034159706371726,25.575537786126663,3.299882537750047,58.54905544633664
189.477438,0.1133534523013213,0.30336490012259976,25.569358316255947,3.32643050983006,59.02026358322628
189.50593,0.1132047131164479,0.30331325662456887,25.563110437360766,3.206428138955394,56.89125210886581
189.53425800000002,0.1130514969943443,0.30326190467650777,25.556898748834588,3.3720424657950328,59.82990326362347
189.562525,0.1129043628791589,0.30321065761830224,25.550700660879972,3.2212904435510747,57.15528982042601
189.590922,0.1127516562032886,0.3031591691394278,25.54447429233515,3.332585321980233,59.13016788056588
189.6191355,0.112603009646964,0.3031080076702568,25.538288379527053,3.2744912692416146,58.099574425971916
189.64713899999998,0.1124521140796937,0.30305722137084207,25.5321487265752,3.3996203360789425,60.31992641745571
189.67589800000002,0.1123055655255514,0.30300505905991393,25.525843656376196,3.075464983803851,54.5685577949706
189.70505350000002,0.1121465033028294,0.3029521715125202,25.519451887330902,3.2878226286633776,58.336637390325805
189.73312950000002,0.1119956030623131,0.3029012363635031,25.51329699385255,3.378499313986979,59.945711730984364
189.761282,0.1118478799870622,0.30285015670674836,25.507125541579533,3.2673159299505805,57.97312262313342
189.78988850000002,0.1116960300063622,0.3027982474331486,25.50085478130519,3.247198828484139,57.616350131234064
189.81798750000002,0.1115433385803757,0.3027472532809453,25.494695478960796,3.4177743965134684,60.64311887902279
189.84612099999998,0.1113967573091895,0.3026961907593133,25.488528821328078,3.238491006230502,57.46218146605134
189.8748995,0.1112435607364773,0.30264395158194923,25.482220997278738,3.2305086115254285,57.32071824349319
189.9036015,0.1110899683066234,0.3025918452352271,25.475930153756142,3.259193172686146,57.829857956748306
189.93183,0.1109374466321315,0.3025405926018815,25.46974329676317,3.3627819121978666,59.66807243090977
189.959982,0.110788767354847,0.30248947303324364,25.463573408079657,3.2747178416833918,58.10566420277963
189.98866099999998,0.1106369244190881,0.3024373905144841,25.457288225908197,3.2054483811708248,56.876737137494985
190.017039,0.1104824797901256,0.3023858486510278,25.451069212521354,3.3601563557880687,59.62201673918458
190.045321,0.1103337143647117,0.3023344752207999,25.4448714365892,3.235981080129658,57.418842601290514
190.07374,0.1101801553344658,0.30228284695959107,25.43864383692015,3.3268740886514294,59.03181225464522
190.1016105,0.1100297885696082,0.3022322093182025,25.43253662484179,3.4001774882538727,60.33267838483572
190.129927,0.1098819601184352,0.3021807554181051,25.426331874818302,3.199971539068001,56.78039644148438
190.1587505,0.1097266819149656,0.3021283741006096,25.420016228731672,3.2499919281373155,57.66813376104858
190.18726199999998,0.1095732863182345,0.30207655366872627,25.413769141796617,3.2871452711528577,58.327559900724786
190.21535749999998,0.1094212078467487,0.3020254833645163,25.407613392263677,3.3730769751339653,59.85251994941417
190.2434755,0.1092721319697157,0.3019743662208781,25.401452898946374,3.2850752256738405,58.29117173928206
190.27194450000002,0.1091196738372687,0.3019226049085338,25.395215691579452,3.2745392532520508,58.104392078108994
190.30071850000002,0.1089666947031625,0.30187028283816075,25.388911853175816,3.202467043509405,56.825692704880474
190.32919149999998,0.1088108205974345,0.3018185019329686,25.382674145350368,3.3667268940158164,59.74055494252642
190.3569935,0.108660932543184,0.3017679353733237,25.376583614696674,3.4006671489600833,60.342980174076374
190.3851765,0.1085121266763822,0.3017166698506024,25.370409797335,3.2578713656806553,57.809317691741185
190.41337049999998,0.1083580062159098,0.30166537826458795,25.364233748361446,3.39730824619461,60.28373429369006
190.441763,0.1082089456803043,0.301613719427053,25.35801439536553,3.202934622000425,56.83482925089362
190.4707205,0.1080525473330239,0.30156102624481385,25.351671462519825,3.2326413588656404,57.36213779519328
190.4988195,0.107897264887964,0.30150988910478305,25.34551675302171,3.450748022897501,61.2325477786007
190.5266475,0.1077499679578808,0.30145923917500395,25.339421570938686,3.3048660613113454,58.644084666719735
190.55491849999999,0.107597464161109,0.3014077768303544,25.33322952855356,3.311545695646734,58.76278736972761
190.5831705,0.1074452565581318,0.3013563429088262,25.327041817550363,3.3047384526063213,58.64216773796701
190.611525,0.1072928169500916,0.30130471617380034,25.320831826431643,3.2784113028545008,58.17516872390524
190.640055,0.1071393625214629,0.30125276360451836,25.314583568254484,3.253391539721024,57.731367564252245
190.668471,0.106984886469306,0.3012010123407247,25.30836044445579,3.31281761040444,58.78605717556388
190.696818,0.1068325203257771,0.3011493804753266,25.30215259687528,3.275972816043947,58.1324179228612
190.72524850000002,0.1066786462734639,0.30109759022288823,25.295926627407983,3.290169622708401,58.38451558525105
190.7537175,0.1065252356487045,0.3010457235030647,25.28969239010051,3.263961288162095,57.91961804084484
190.7820645,0.1063708015875691,0.30099407273960765,25.283485029554555,3.3230057108244737,58.96754800424052
190.8105185,0.1062185680464416,0.300942220665367,25.2772543982355,3.2313951622340804,57.34206765026521
190.83941900000002,0.1060628315211822,0.30088954840487525,25.270926158254564,3.1943291960901585,56.68449298403829
190.8677355,0.1059056183727544,0.3008379341161082,25.264725951862115,3.3970118593747847,60.281347154326134
190.89563600000002,0.10575606355653,0.30078707189718534,25.25861698390223,3.304780953391437,58.644844237732876
190.9237235,0.1056032148067172,0.3007358625506847,25.25246722089652,3.334125781381274,59.16575604540248
190.95230700000002,0.1054514938127966,0.30068374246295765,25.246209011233407,3.159829045528189,56.07294018909836
190.98092100000002,0.1052931200316024,0.30063156024974497,25.239944276431963,3.3216595292177264,58.94489007620048
191.0091615,0.1051409247291558,0.3005800527726655,25.233761463810485,3.263198561343712,57.90763601022147
191.037703,0.1049864590064677,0.30052798983090034,25.227512900129323,3.2359931704827134,57.42503034326528
191.066069,0.1048308500653762,0.3004762405582256,25.221302904553852,3.316197976259741,58.84849776128992
191.0943475,0.1046781469488201,0.3004246444886597,25.21511220825754,3.2645148140409717,57.931512185169524
191.122782,0.1045233438462932,0.30037275730261076,25.208887503522536,3.2753686496862446,58.124296119594796
191.151213,0.1043687997279912,0.3003208699892207,25.202663706744396,3.268716655499534,58.00642393718606
191.1795335,0.1042138888250948,0.30026917785171797,25.196464238816723,3.3082892763882654,58.708851722500974
191.20826549999998,0.1040604028065221,0.300216727989039,25.19017483260174,3.1526615701624072,55.94725375082205
191.23682250000002,0.1039008609597819,0.3001645909527771,25.18392387257072,3.3580410325759065,59.592104502658316
191.2649485,0.1037491368032228,0.30011323432307324,25.177767389741476,3.2719939021625075,58.06527592723189
191.293467,0.1035941457783449,0.3000611544308382,25.171525126925626,3.2424423876097626,57.541023033109006
191.3221495,0.1034379953896574,0.30000876835067136,25.165247101684567,3.222258181697196,57.1830026097012
191.35039749999999,0.1032810662145072,0.29995716927109417,25.15906431029218,3.3659263044731005,59.73275064789455
191.3786455,0.103129513791843,0.29990556365240106,25.152881646913034,3.223338844626697,57.20252024112011
191.4070495,0.1029724367869643,0.2998536664338513,25.14666496726737,3.32802528547231,59.06049962101351
191.4352175,0.1028190354855859,0.29980219385669904,25.140500064948657,3.3026177140653714,58.60978015394454
191.4637935,0.1026643915928298,0.29974996903843326,25.134245992526967,3.2205000078310886,57.15265324758497
191.492472,0.1025063797619312,0.2996975501097423,25.127969612820365,3.2795606666159247,58.20094980178349
191.5206855,0.1023504655193314,0.2996459744686346,25.121795121118588,3.361900095568104,59.66236933477075
191.548739,0.1021973969416039,0.29959468476673057,25.115655763051674,3.334996590593083,59.18509778830275
191.5772425,0.1020430892629633,0.2995425656364789,25.10941804373602,3.2404846527305837,57.50799779673823
191.605704,0.1018849415178117,0.2994905165501476,25.103189633737724,3.3536285168703066,59.51610946989849
191.634001,0.1017309471301525,0.29943876158972543,25.096997337733335,3.288036331095264,58.35223322246181
191.6623745,0.1015744541036537,0.29938685998589654,25.090788415123104,3.3292948849378474,59.084618469551124
191.690722,0.1014194731265866,0.299334999202862,25.084585294616605,3.293565525585229,58.45070811464873
191.7192905,0.1012631165022479,0.29928272727892596,25.07833392627868,3.261879370331578,57.88855005615684
191.747378,0.1011055581647875,0.2992313287461507,25.072187918976464,3.4319292473106886,60.90660425869023
191.775599,0.1009543414658712,0.2991796792149435,25.06601280651841,3.2189254432654013,57.12658595227126
191.804461,0.1007951649917241,0.29912684957630287,25.059697544382537,3.237444257967815,57.45541593694246
191.8330485,0.1006367475448699,0.2990745154347167,25.053442452658764,3.2931147695421847,58.44358507747283
191.86131899999998,0.1004804395289118,0.29902275479428375,25.047256825753404,3.3282049757071426,59.06651420844615
191.889723,0.1003253624158264,0.29897074288422726,25.04104209110588,3.254440015883083,57.7575613543004
191.9178715,0.100167433209242,0.2989191920512845,25.03488335896337,3.402103418606137,60.378368992935634
191.9460545,0.1000150253568571,0.2988675712590886,25.028717176338347,3.2405041495266245,57.510578806765054
191.974783,0.0998565649583256,0.2988149443207822,25.022431742637906,3.2382880519888255,57.471422935760074
192.003397,0.0996979888181551,0.2987625201001858,25.016171458260786,3.2721461881024982,58.07249450010286
192.031611,0.0995406389149254,0.298710821841772,25.009998781907345,3.356942552744689,59.57759738688336
192.059863,0.0993863295038355,0.2986590470896111,25.00381788438131,3.266660781704636,57.97548749577075
192.0884195,0.0992284087320671,0.29860670731531375,24.997570461713764,3.2770721393194067,58.16043968082724
192.1167395,0.0990705827730603,0.2985547940518187,24.99137486953849,3.3495840707275644,59.447536180099036
192.145037,0.0989151261747458,0.29850291509823096,24.98518428816414,3.2969633396376015,58.51381207089665
192.1731245,0.0987573972906588,0.2984514142776092,24.97903973401001,3.4203223992132266,60.70334270993616
192.2012695,0.0986041173383562,0.2983998011483532,24.972882685364237,3.281111848711718,58.232828847136034
192.2297005,0.0984456002054467,0.29834765654031387,24.9666631552516,3.332579388061464,59.14644690006885
192.25802850000002,0.0982890017493904,0.298295693827528,24.960466240165058,3.3100606322517687,58.746960934048595
192.28656999999998,0.0981314735474204,0.2982433323915362,24.954222702872837,3.27379855857092,58.10355675518353
192.31519550000002,0.0979723538325102,0.29819080968409134,24.94796087165626,3.293702365516498,58.456987380264415
192.34376,0.0978137391589994,0.2981383917316404,24.941712463864345,3.29912859870124,58.55346945980029
192.37192349999998,0.0976551414217292,0.29808670261838816,24.935551850188478,3.416998268815052,60.64561995438022
192.4000035,0.0975008291727775,0.29803515979648076,24.929409575803113,3.3235935854083274,58.98802859248562
192.42837,0.0973430070872084,0.29798308401542245,24.923204705523275,3.326912027560532,59.04710222048868
192.456412,0.0971853585637235,0.2979315969617296,24.917070887511482,3.4126033696123135,60.568159191528416
192.4847395,0.0970309952664055,0.29787957863408093,24.91087469069494,3.235948494880327,57.43299449340286
192.5131895,0.0968700152787789,0.2978273281852469,24.904651768819818,3.369038949398685,59.79532053411218
192.54130800000001,0.0967141367945824,0.297775679483624,24.89850142393262,3.330270172600749,59.10740942691204
192.569655,0.0965566950433497,0.2977236039335837,24.89230116568728,3.3042000394855653,58.64487863305545
192.59825,0.0963981171817284,0.29767106551747413,24.886046729089962,3.260977003030306,57.87790591390468
192.626578,0.0962377543260499,0.29761901045290146,24.87985075588098,3.383757748076216,60.05727710208496
192.6548105,0.0960820012119706,0.29756712371862837,24.873675732449314,3.287702261766616,58.35259208163948
192.683272,0.0959225484943016,0.2975148088717261,24.86745068298826,3.3144210248601413,58.82699379230092
192.711638,0.0957640844880231,0.2974626623080253,24.86124658052097,3.3120466486447917,58.78502794219973
192.739821,0.0956055428792723,0.2974108449757174,24.855082560378637,3.3652977929818633,59.73035283882485
192.76831299999998,0.0954489706970708,0.2973584522201418,24.848851014118406,3.224436115118539,57.230384835889645
192.79677800000002,0.0952868162812114,0.29730610177524824,24.8426254283729,3.3783539435869394,59.96244679713923
192.824713,0.0951303920778158,0.29725471891695604,24.836515811318367,3.384580913143504,60.073147059082736
192.85276249999998,0.0949740154166225,0.2972031183156183,24.830381202847413,3.3491774523746045,59.44494531516866
192.88093800000001,0.0948161564505205,0.2971512787100039,24.824219087053525,3.3508811589639453,59.475362099410944
192.9091785,0.0946582147566683,0.29709931224580294,24.8180428039848,3.3336976573994885,59.170546211921426
192.9375825,0.094499472197029,0.2970470375669715,24.811830810514525,3.3058973374665173,58.67728869038962
192.965769,0.0943395403522248,0.29699515587248715,24.805666430270712,3.4004376737479203,60.35549160501752
192.9940285,0.0941830837079756,0.2969431324936689,24.79948612917221,3.2852690744851962,58.31150072744079
193.022345,0.0940221748752247,0.29689099682080017,24.793293405235534,3.381468664385324,60.019164280193486
193.0506535,0.0938649236028146,0.29683886849736274,24.787102472392355,3.28308214649242,58.27303387335749
193.0790275,0.0937039460635573,0.2967866121412843,24.78089725520385,3.355550647743467,59.55949198628325
193.1075275,0.0935458026080047,0.2967341162404697,24.77466452162086,3.241236017474179,57.53063335143313
193.1361335,0.0933832472364385,0.29668141752824756,24.7684086444689,3.320414739582079,58.936202562338956
193.1642895,0.0932237525155987,0.2966295404040687,24.76225121384828,3.3689373792991884,59.7976410601877
193.19236949999998,0.093066105931945,0.29657779597032385,24.756110437334794,3.3349094989452914,59.193832583226595
193.220419,0.0929073111319589,0.2965261004100238,24.74997636298021,3.3662593449224043,59.750462539604435
193.248854,0.0927498537588386,0.2964736868765881,24.74375801594992,3.2146175740292673,57.05902213674009
193.2772315,0.0925865523109058,0.2964213717971513,24.737552273382786,3.3807174262410764,60.00745250694223
193.30549100000002,0.092429587365589,0.296369266761777,24.731372364001846,3.2508021811051453,57.70164081093138
193.3338075,0.0922674565466067,0.29631704911475254,24.725180016500634,3.3684658905049756,59.790347836964834
193.36192549999998,0.092109691739186,0.29626519005877033,24.71903110283657,3.311782058882694,58.78438399833324
193.3903795,0.0919496444734378,0.2962127037270812,24.712808735950148,3.2701835464297604,58.04618261297803
193.4187835,0.0917879223245821,0.2961603020079349,24.706597325840363,3.321037639355691,58.949027188185646
193.4466345,0.0916282809425001,0.2961089130988313,24.700506866821154,3.4239133592727717,60.775269871379436
193.4749815,0.0914726600540437,0.2960566014600824,24.694307961976858,3.1677106428375406,56.2277805337784
193.503748,0.0913072420240064,0.2960035078824532,24.688017339737755,3.287465606563547,58.353644141120114
193.531855,0.0911467100310844,0.2959516239310864,24.68187095278343,3.3514666848821255,59.4898629511251
193.56027849999998,0.0909886044984887,0.2958991480894693,24.675655369460248,3.1963885439020285,56.73733582974414
193.58857949999998,0.0908243216820185,0.2958468907528812,24.669466587941603,3.3912663347097087,60.196685442310354
193.616915,0.0906674482871238,0.29579456204504684,24.663270274391945,3.189265420853796,56.611238012551276
193.6454225,0.0905026092908224,0.2957419079390584,24.65703635942371,3.3404372001787466,59.2948010379491
193.6739145,0.0903436239456445,0.2956892746741992,24.65080584345283,3.1951217187670498,56.7155343027671
193.702025,0.0901787949154435,0.29563733851028284,24.64465876024051,3.4637746066810413,61.4844854534638
193.7296855,0.0900239892566232,0.29558622632919224,24.63861008733485,3.336088967000653,59.21814793253891
193.7577425,0.0898641179660977,0.29553437394237525,24.6324747145284,3.355236607784122,59.55821106973842
193.78642150000002,0.0897046452981173,0.29548136417273413,24.626203329343987,3.1707399207859077,56.283414783385446
193.8151425,0.0895375281125864,0.2954282687936909,24.619922762001284,3.3544636511215407,59.54485413790057
193.8433255,0.0893774142580707,0.29537616021961144,24.613759842530044,3.3373484815176293,59.24122163203671
193.871802,0.0892162624337557,0.2953235011468887,24.607532741129234,3.2833006503341347,58.28199607559197
193.900347,0.0890526390448246,0.29527070748402073,24.60129065819824,3.327865511761501,59.07324816440981
193.92853,0.0888905418634595,0.29521857554362557,24.59512773198052,3.3922811194773104,60.21687626984576
193.9567895,0.0887308870120754,0.2951662943078117,24.588948071961177,3.3005493635834977,58.588708827909954
193.98548,0.0885677527630256,0.29511320771168764,24.582674156053926,3.2603442613921874,57.87519690859676
194.01378849999998,0.088403008997245,0.2950608200304829,24.57648376613702,3.4115834016363684,60.560063820777074
194.0418685,0.0882440776591204,0.295008847437864,24.57034333426591,3.3282580693099413,59.08110702705695
194.0703495,0.0880817826069504,0.29495612472150373,24.564115202132523,3.3017495749841133,58.61072307437926
194.0985705,0.0879180998247281,0.29490387542135016,24.55794391352919,3.4201103942760183,60.711977553095096
194.126837,0.0877586182638613,0.2948515340002725,24.55176266127183,3.299718019418819,58.57501273431857
194.1551345,0.0875942485748254,0.294799127262033,24.545574614682184,3.416825091000569,60.65402430818572
194.1835845,0.0874342500093017,0.29474643009827695,24.539353202744167,3.255399954518645,57.788649301967766
194.2122635,0.0872679637248301,0.29469330063419646,24.533081694694367,3.340709377995609,59.30321182014526
194.2406375,0.0871051728696473,0.2946407281527868,24.526876863958616,3.332671614458038,59.16070702106236
194.2688395,0.0869422187154007,0.2945884664143718,24.520709625125704,3.3810329885350647,60.01938592199572
194.29707200000001,0.086781238563472,0.29453614020754326,24.5145356940303,3.315040929200508,58.848086020707996
194.3258765,0.0866177685128796,0.29448274564371707,24.50823665231361,3.209459684377915,56.97399944535163
194.3547195,0.0864500446669725,0.29442927138874114,24.501929164809372,3.3020330338713415,58.61753248267851
194.3829215,0.0862859619672581,0.29437697746450053,24.49576182629219,3.400483727562681,60.36540618945476
194.4109595,0.0861254454432997,0.29432497971711485,24.48963032400973,3.35734173558649,59.59972768603246
194.439688,0.0859630854403812,0.29427169319826596,24.48334778898459,3.201166308840917,56.827466634999375
194.468611,0.0857944468454179,0.2942180375077029,24.477022686780884,3.295548105209098,58.50312364631857
194.4968435,0.085629675170529,0.29416565462864974,24.470848555304993,3.3957556889598313,60.28220726609681
194.52487,0.0854688283604633,0.2941136459864033,24.464719439969237,3.3498318602230825,59.46713530287528
194.553473,0.0853062668117985,0.2940605593260458,24.458464213709984,3.219808837981065,57.15910555291045
194.58203,0.0851385976413658,0.2940075497529815,24.452219009350504,3.3550194097140924,59.55958982107752
194.6100985,0.0849763993608329,0.2939554388849533,24.446080597978135,3.3538100286058556,59.538299004284276
194.63827400000002,0.0848142052910367,0.29390312129071816,24.439918746690022,3.3176038930071092,58.895729240079646
194.666697,0.0846506040516836,0.2938503359161215,24.433702726585903,3.27596153873569,58.15665046359227
194.69511649999998,0.0844853793648394,0.2937975487820615,24.42748742857101,3.3145016317553906,58.84101392739425
194.72360500000002,0.0843216498058419,0.2937446251820847,24.421256995391932,3.25410769865773,57.76904070519579
194.752028,0.0841554549901203,0.2936918149633073,24.415040840712763,3.3314368519320223,59.1420180020454
194.780451,0.0839923151490444,0.29363899644033137,24.408824638273494,3.2505611016561957,57.706430041525934
194.808779,0.0838259484348942,0.29358634617912716,24.402629163665015,3.3598551728765873,59.64688217524566
194.837153,0.0836637421981367,0.29353360212502877,24.39642357815531,3.243575773386262,57.58277049438446
194.865687,0.0834966696350458,0.29348055225988934,24.390182947150716,3.3234356316441693,59.000692117175
194.894156,0.0833324368508834,0.29342761484297203,24.38395647834914,3.275270225214306,58.14579259848071
194.9226555,0.0831659458068944,0.2933746122950518,24.377723283520524,3.3266199599488213,59.05758335262725
194.951094,0.0830011875842985,0.2933217147841906,24.371503373469924,3.3023845216481167,58.62750938986382
194.979487,0.0828352328717108,0.29326889351210045,24.365293356977617,3.347320034800176,59.42543398783005
195.007674,0.0826708329597365,0.2932164471639607,24.35912833736171,3.3689618331724662,59.80982435912018
195.0359825,0.0825071051090275,0.2931637663976178,24.352936683119406,3.3155927587052307,58.86253143916167
195.064585,0.0823411196219472,0.2931105299996879,24.346680662127845,3.289168635212047,58.39359641466072
195.0930655,0.0821737940772656,0.29305751215870257,24.340451261059293,3.3625739575877853,59.69696526230601
195.121237,0.0820090576397887,0.2930050611624442,24.33428938151917,3.3925152866037798,60.228706090505646
195.149428,0.081845163662997,0.29295256550917304,24.32812317111023,3.366827106184141,59.77283395422186
195.17781300000001,0.0816800290609872,0.2928997001456341,24.321914459296288,3.3390910072983147,59.28060257290378
195.206179,0.0815136986609163,0.29284686167891805,24.31570983394235,3.371366438255441,59.85378694455901
195.23449549999998,0.0813486137559092,0.2927941069389188,24.30951596525374,3.3490834781881262,59.45836540542251
195.263281,0.0811826886340826,0.2927404697357718,24.303219434979543,3.228891404364483,57.32469760560731
195.2917425,0.0810119433394662,0.29268742761855526,24.296993701625475,3.442819895191726,61.122901696884014
195.319552,0.0808496355851689,0.29263559228864533,24.290910515052076,3.4187146884587745,60.69512539045518
195.348002,0.0806863486835363,0.292582554590242,24.284687146068237,3.252673058747052,57.7474342786112
195.3766425,0.0805163675462359,0.2925291530425574,24.27842202625251,3.364729411313816,59.737048336158026
195.4049895,0.0803506751684402,0.292476290118455,24.272221029742795,3.3431734947910905,59.35452746800041
195.43347,0.0801839576115362,0.2924231695850153,24.265990748136783,3.326641195303728,59.06119445239596
195.462168,0.0800165243662764,0.2923696345939381,24.259712802923545,3.2778719787838178,58.19552499083329
195.49051500000002,0.0798470765009059,0.29231674570612803,24.25351155770022,3.4305350647183226,60.906099468151666
195.51867900000002,0.0796835899326983,0.2922641897024792,24.247350261392892,3.327762984153131,59.081651274478766
195.54712899999998,0.079516115607978,0.2922110913345098,24.24112631131805,3.3387738762341383,59.27732161145968
195.575514,0.0793490938803409,0.2921581055842015,24.23491649257887,3.34068989943898,59.3115199742421
195.603743,0.0791822077136003,0.29210540240648153,24.228740712937903,3.377486210736984,59.964993609565084
195.63183850000001,0.0790168469089668,0.29205293991233555,24.222594049918932,3.372980302521024,59.885175055597024
195.6602425,0.0788513585152777,0.2919998926641926,24.216379801586076,3.2817367765102268,58.265380676545156
195.688704,0.0786821882024142,0.29194672924602627,24.210152878655634,3.3542234931370185,59.552523549122434
195.71700149999998,0.0785158466360579,0.29189386343378765,24.20396174087881,3.3274196924471933,59.076815510630006
195.74539399999998,0.0783484322815492,0.29184081137717044,24.19774972120112,3.322207982074863,58.98446406771611
195.773951,0.0781807935724762,0.2917874430785812,24.191501610851162,3.2759225904810156,58.162864231970346
195.802279,0.0780112586012715,0.29173449393965545,24.185303504285557,3.389047778266448,60.1715458863387
195.8302595,0.077846147845079,0.2916821857071097,24.179181330674513,3.3815822523011954,60.039178410648944
195.8584615,0.07768054290456,0.291629454706127,24.173010591250325,3.3303572363488914,59.129870031773315
195.887068,0.0775126386641493,0.291575958464822,24.16675123983739,3.2710808584733155,58.07760783122553
195.91588050000001,0.0773420704221088,0.2915220678905796,24.160446705072673,3.278617159050417,58.21159438913964
195.9443115,0.0771715463534224,0.2914688819047035,24.154225538800087,3.3914012906750184,60.21425224087298
195.97242599999998,0.0770053151607732,0.29141627922512975,24.14807352049063,3.376721766447592,59.953799121257596
196.0006165,0.0768383621581796,0.29136352557614825,24.1419047631963,3.372285908042106,59.87522209705572
196.02905099999998,0.0766710540012149,0.2913103064103419,24.135682501185013,3.3087623976626657,58.74753671500617
196.0574745,0.0765010280591254,0.2912570988716787,24.129462532739606,3.3788398688112733,59.99195566400344
196.0857605,0.0763336718031727,0.2912041398180677,24.123272539533883,3.349187885947058,59.465660207181074
196.1143365,0.0761650980122372,0.29115062876664527,24.117018966810875,3.2896026344193543,58.40788917995831
196.14264550000001,0.0759941158759647,0.2910976087228814,24.110823706871322,3.425436970953374,60.81985446221015
196.170561,0.0758285367445317,0.2910453169069834,24.104714446179052,3.399859531581573,60.36589956928062
196.19856099999998,0.075662055495904,0.29099285805187836,24.098586575753437,3.3922143594505405,60.23033823540312
196.227114,0.0754952958907106,0.2909393540928444,24.092337557718245,3.23394109729767,57.420299907271605
196.2556325,0.0753220502404165,0.29088590565325995,24.086095965633632,3.4031804241696495,60.42541771027248
196.2839495,0.0751555221189734,0.2908328258173169,24.079898349398682,3.291047366251628,58.43460953564351
196.31250649999998,0.0749844930999788,0.2907792869658239,24.07364807814005,3.326340575100272,59.06144455903125
196.3409485,0.0748149226716682,0.29072595458023354,24.06742284841277,3.319242776293973,58.93559918472148
196.36893700000002,0.0746450819450648,0.2906734636491765,24.061296751655814,3.4610448504558144,61.453585042880896
196.39675,0.0744807465068458,0.2906212930836116,24.05520894235011,3.3687681275703976,59.815318524734046
196.425356,0.0743128233350559,0.2905676258987635,24.048947426067336,3.2195695831039384,57.16634912103451
196.453947,0.0741388312113323,0.2905139775788709,24.04268905758931,3.3658383279423956,59.763666542984794
196.482054,0.0739709052602752,0.29046122838507943,24.036536499797442,3.351591580826704,59.51088262125037
196.510428,0.0738025186697057,0.29040796898483767,24.03032536061533,3.2777797700568176,58.200457991705456
196.538832,0.0736312151854687,0.29035464408060885,24.024107516345584,3.336302536085341,59.23977358963921
196.5668435,0.0734622873891885,0.29030204702323004,24.01797545655098,3.392030475689298,60.229467628949635
196.5952175,0.0732955053126992,0.2902487601527304,24.011763901282254,3.2283097282194597,57.32259008446267
196.6236025,0.0731220482076832,0.2901954433964632,24.005549795702922,3.3866830133711803,60.13488608554288
196.6518615,0.0729549537760357,0.29014235412864464,23.99936313156857,3.261978213426987,57.92076990416712
196.68057850000002,0.0727828222841155,0.29008839502969597,23.99307605137738,3.2472671786410556,57.65973491786161
196.70896,0.0726100438390115,0.2900350570070694,23.986862275536588,3.3558479938123087,59.58792086280304
196.7369525,0.0724417575687458,0.28998244094482045,23.980733521389514,3.3513449629053227,59.508143233542945
196.76540649999998,0.0722734714955491,0.28992894815162373,23.974503576140474,3.207994299767222,56.962913110826214
196.79368449999998,0.0720994501956296,0.289875776956787,23.968312015427014,3.394693636963263,60.27823377369454
196.8216955,0.0719331004983146,0.28982309867042527,23.96217876609684,3.2757255181092653,58.165940209213595
196.84997800000002,0.0717621080520693,0.2897699005572318,23.955985917479616,3.3043742283363544,58.67482519918586
196.8778445,0.0715923065836883,0.28971747583008356,23.949884007071756,3.396929101116411,60.318477487885616
196.90626400000002,0.0714261467643581,0.2896640014453085,23.943660850985953,3.141758308076981,55.787640917589115
196.9348285,0.0712494894786288,0.2896102447396483,23.937405783738704,3.3511781535330756,59.506455770441434
196.9631715,0.071081397361773,0.2895568954675681,23.931199060848073,3.207691590760767,56.95875749008156
196.9915335,0.0709072224637724,0.2895035010282016,23.92498801641362,3.3508101308168854,59.5002863119003
197.019476,0.0707387174703013,0.289450887127498,23.918868680300633,3.334090303326234,59.20357182419274
197.0475335,0.070569426584484,0.28939804747288816,23.912723999559706,3.3171762958673163,58.90340823220554
197.0762125,0.0703993485703895,0.28934402781074287,23.906443041287783,3.154986365478161,56.0235606891424
197.10491050000002,0.0702223491195756,0.2892899626710624,23.900157751277717,3.313645355853145,58.841074964205426
197.1329485,0.0700518528394561,0.28923713155240205,23.89401684488597,3.3497709637697453,59.482745566264946
197.161398,0.069882657974894,0.2891835155709144,23.88778564203831,3.1956061114902496,56.74537565771906
197.1897795,0.0697069861871206,0.28913001820614015,23.88156916155786,3.369703621258677,59.8370637066627
197.21773000000002,0.069538430530755,0.28907732392604724,23.875446915445004,3.3158227032664707,58.88045900830536
197.2458365,0.0693677991359007,0.2890243261992124,23.869290328956037,3.313479505617802,58.83902929677457
197.273886,0.0691971660411841,0.2889714265953695,23.863146056355905,3.3263445185232188,59.06765923937575
197.3024125,0.0690270417920822,0.28891761779763825,23.856897119053247,3.1728147679532803,56.3415246889953
197.3308245,0.0688504220937477,0.28886401533876593,23.850673084580016,3.3621218480484103,59.70334520819042
197.358832,0.0686815029622074,0.28881116658458705,23.844537484833904,3.29267321441942,58.47027926776181
197.3869655,0.0685096134213632,0.2887580706339498,23.838374104454203,3.329356558152887,59.1218714438769
197.4152325,0.0683389757062332,0.28870471318649155,23.832181296474147,3.2612030131421896,57.911795837065156
197.44396849999998,0.0681652711165919,0.28865046062217936,23.82588555137766,3.20012493135625,56.82736078303005
197.47222,0.0679887263019191,0.2885971131085259,23.819695769339038,3.416212112334661,60.66479225298518
197.50037250000003,0.067820739357089,0.2885439429865157,23.813527493259617,3.236544856396318,57.47445286699766
197.5287805,0.0676452090086215,0.2884902806360943,23.80730304840206,3.3458797896795622,59.416202334798825
197.55715400000003,0.0674739167852487,0.28843667373540727,23.8010859726879,3.254960750607532,57.80183845538854
197.585539,0.0672986136809164,0.28838303537196097,23.794866185574488,3.351508630720534,59.51652667921149
197.61344350000002,0.0671269911949456,0.2883302954900471,23.78875149855282,3.4085570997259254,60.529784506161974
197.641348,0.0669573730372264,0.28827754616853074,23.78263662356053,3.357576608118849,59.62464452137119
197.6696605,0.06678556343899,0.28822401592104213,23.776432147624956,3.288077880107094,58.39064941708614
197.69808,0.0666107626396585,0.28817027356649205,23.770204025930205,3.330127369228111,59.13755942321248
197.726271,0.0664374513468108,0.2881169535958632,23.764025782986206,3.3640516612626015,59.74018207516228
197.7543665,0.0662652580660047,0.2880638046075434,23.757868272932033,3.3650415497832578,59.757943660995615
197.783007,0.0660929270750775,0.28800961470290115,23.751591115289802,3.206755475448359,56.947204872529156
197.8114455,0.0659138535591976,0.2879557970663669,23.745358025424455,3.4279520360014897,60.87551510388948
197.8395525,0.0657438101078482,0.2879025970295683,23.739197391162048,3.2998030483722522,58.59995212763473
197.8681095,0.0655686107888312,0.28784853531704957,23.73293791663951,3.2856902630315785,58.34951002210947
197.89634949999999,0.0653928460291676,0.28779506386432635,23.726747719458803,3.3896914116362047,60.19661796494672
197.92458549999998,0.0652213502644895,0.28774159016952755,23.72055819221424,3.2800006937139146,58.248829229097176
197.952784,0.0650454394609586,0.2876881776820193,23.71437667736141,3.392516928489526,60.24716607684167
197.9810625,0.0648742149457635,0.2876346038006757,23.708177415309123,3.246635774235626,57.65666369399111
198.009398,0.0646971227740887,0.28758091201231445,23.701965445182164,3.364206349568884,59.744771759932
198.0375125,0.0645250044944102,0.2875276291587875,23.695801713119035,3.299636067348119,58.59825100461611
198.0662105,0.0643504410369302,0.2874732303378068,23.689509837549195,3.179627420974187,56.46719368008636
198.09450800000002,0.0641709284918571,0.2874195806698603,23.683305551403603,3.4144884875974224,60.63829259907653
198.122603,0.0640011140094302,0.2873663050673792,23.67714544826701,3.2353173114979694,57.45654725772759
198.1509195,0.063823903283298,0.287312599488307,23.670936560339648,3.3454611645068333,59.4127941564155
198.17918650000001,0.0636511610945626,0.28725897781017795,23.664738305675694,3.2505817780052846,57.72798798132094
198.207537,0.0634743641475494,0.28720518770258113,23.658521518812503,3.322967354825854,59.01368625883725
198.2357965,0.0633003948290704,0.28715156023747385,23.652324463301934,3.2826479757162406,58.29782082683581
198.264037,0.0631245263353928,0.28709795882521444,23.646131350050624,3.335628010143029,59.23889653494795
198.2922275,0.0629505974488727,0.2870444423263697,23.639948976714294,3.303733595503332,58.67265014497455
198.320849,0.0627751517957982,0.2869900973974743,23.63367185058038,3.2126637570959593,57.055473931024345
198.34914650000002,0.0625956805727511,0.2869363575183201,23.627465551766583,3.4062251175985128,60.493224312598045
198.377299,0.0624240575248071,0.2868828829854833,23.62129082569318,3.2571710037559547,57.84625958861831
198.405787,0.0622461853569886,0.28682876099122334,23.61504227984941,3.305921317121829,58.712231552138356
198.43416050000002,0.0620702002891201,0.2867748463192016,23.608818612857615,3.294324140045103,58.506450437701254
198.4624655,0.0618935501044403,0.2867210516444996,23.602609735534994,3.3299295696174624,59.13897783849066
198.490885,0.0617182182768011,0.2866670291287576,23.596375503659747,3.261588296076856,57.925428586108495
198.519381,0.0615399431627056,0.28661285088716026,23.590124249207285,3.304273963672486,58.68370399764395
198.547572,0.0613634594933666,0.28655924235780234,23.583939664438947,3.3486238965027995,59.47153952710011
198.575667,0.0611887828196778,0.28650580630365907,23.577775902271867,3.3305481949649196,59.15069703159759
198.60413599999998,0.0610132974287903,0.286451648629765,23.57152984440267,3.2363210253894388,57.47739703498033
198.63297899999998,0.0608337578162508,0.2863967689123309,23.565201479652284,3.220528235944364,57.197096051285975
198.66132599999997,0.0606534031108576,0.28634282255573396,23.558981692482742,3.388390479539944,60.17854309500071
198.6894135,0.0604798520709558,0.2862893598809101,23.55281859942661,3.303164613734975,58.66509384874122
198.71804250000002,0.0603025359155385,0.2862348560685409,23.546536436076636,3.2352680702124412,57.4594131140196
198.74655,0.0601220172907837,0.28618057309060807,23.54028067985113,3.3480218861329023,59.46214325756501
198.774634,0.0599460177180593,0.2861270862882699,23.534117608175222,3.3665344302922815,59.791117079965886
198.80253449999998,0.0597705947682364,0.2860739388898905,23.52799455936279,3.408500108316788,60.536630893201604
198.83102250000002,0.0595966952736285,0.28601966198929396,23.521742322780565,3.194895392479436,56.74308373787923
198.85975100000002,0.0594137114065819,0.2859649162386672,23.515437041539528,3.3339550108980265,59.21304486249847
198.88806749999998,0.0592365961995198,0.2859109451376,23.5092219260717,3.3132601229965344,58.84567393331427
198.916449,0.0590585707943471,0.2858568397030438,23.502992284168652,3.3106252792743467,58.79906040753047
198.9449105,0.0588804372699679,0.2858025712437337,23.496744819917584,3.2815552344299412,58.28293769550224
198.9732575,0.058701202980291,0.2857485106225637,23.490522226207958,3.3325098607629244,59.18811502293313
199.0016655,0.0585243041295981,0.28569432315714166,23.484285977421244,3.250066432157212,57.724031900352614
199.03044699999998,0.0583440973606535,0.2856394125041047,23.477967464581663,3.2104441859509776,57.02048616825644
199.05885899999998,0.0581622948503578,0.2855851961744891,23.471729799779933,3.352852820085639,59.54998221223165
199.086794,0.0579865311574072,0.2855318797577666,23.465596594451178,3.3462842924447034,59.433500966016005
199.114729,0.0578105295307733,0.2854785531055078,23.459463127249833,3.345806296603415,59.42519357129304
199.143061,0.0576345669549267,0.2854244581280748,23.453242224979178,3.2246694726818625,57.27384880964473
199.171404,0.0574533583726146,0.28537033158238134,23.447018634996162,3.347177981339282,59.44992633179104
199.1999035,0.0572770547489794,0.28531589549785036,23.440760404340914,3.1877221847673796,56.617975977170836
199.228476,0.0570936613470177,0.2852613092203634,23.434485864020917,3.3342829841688455,59.22126703316777
199.256743,0.056916231230511,0.28520729596968136,23.428278134826517,3.2849053279587785,58.34443597700965
199.28524249999998,0.0567364872954552,0.2851528277480185,23.422019065920505,3.270388108783588,58.08677221610347
199.313807,0.0565559119911817,0.28509822449729316,23.415745437817595,3.269728159333779,58.07523299950262
199.342169,0.0563751368018399,0.28504399762642424,23.40951600217775,3.3342942924608185,59.22220826002905
199.370493,0.0561969160664704,0.28498983273910966,23.40329463031032,3.283871914525235,58.32681082253704
199.39887449999998,0.0560164134460506,0.28493554718087455,23.397060343864943,3.3184537870644797,58.94122419079164
199.42717199999998,0.055837257741566,0.28488141159936936,23.390844223700864,3.308963088448329,58.77283673432525
199.455336,0.0556576117304473,0.28482752079985435,23.384657145333644,3.358134385945802,59.646387888742474
199.4836145,0.0554799436431213,0.284773400238407,23.378444626866518,3.2756921049195284,58.18224875930024
199.5120455,0.0552986365076053,0.28471897702176746,23.37219831452314,3.3163198334874,58.90405552116162
199.54026249999998,0.0551188248187766,0.2846649527312094,23.365998728120584,3.345480656113439,59.42219106002517
199.5689605,0.0549400280061645,0.28460999655028213,23.359693162857695,3.1804997627481293,56.49199068625773
199.5975365,0.0547538883714928,0.28455526299143924,23.353414103652824,3.3879260219822127,60.17648237193187
199.62527699999998,0.0545764344673274,0.2845021192018355,23.347318342722154,3.435382026038064,61.0195844314107
199.6532085,0.0544007197887085,0.28444859901729186,23.34118032320304,3.3330860513964122,59.20277581278699
199.68183,0.0542206294182298,0.2843937457758649,23.334890373343686,3.23062300988793,57.382992930191506
199.71041350000002,0.0540359134693517,0.2843389543019744,23.32860846887042,3.3491812773612613,59.48903686286736
199.738833,0.0538560961700716,0.28428446622486003,23.32236230302686,3.2847934192744055,58.345545712403535
199.7672715,0.0536732570857795,0.28422993075054637,23.316111656091838,3.3539442981535537,59.57401251854891
199.7956565,0.0534929867331759,0.2841754869136033,23.30987246229939,3.3113945540033876,58.818412270682906
199.823828,0.0533106174114388,0.2841214417403761,23.303679893462206,3.4292728414603513,60.91240641570296
199.851874,0.0531328669722103,0.28406762658823653,23.297514609735437,3.3538320325519395,59.57257462249195
199.8803355,0.0529518919297918,0.28401300319380024,23.2912576782446,3.299410232520478,58.606089392825034
199.90898750000002,0.052768615091654,0.2839580030093539,23.284958551210767,3.2902404017676354,58.44339430707697
199.9370905,0.0525849864393154,0.28390404576696454,23.278779811762497,3.461839422398563,61.4916388081139
199.965262,0.052408531096247,0.2838499461415279,23.272585702523266,3.2625491265969053,57.95188405697366
199.993853,0.0522238103149182,0.2837950297842394,23.26629903904393,3.3247613074181235,59.05713079028673
200.0219405,0.0520417647635832,0.28374106958672946,23.260122772911057,3.414696884370817,60.65482837141461
200.050341,0.0518632918014619,0.2836864970284378,23.253877362589446,3.2362435079100806,57.48516410217155
200.07887499999998,0.0516770121097379,0.2836316567474554,23.247602272018945,3.377026280986307,59.98606775844853
200.107035,0.0514966123911709,0.2835775242471557,23.241409111307927,3.3490672933118675,59.48961792051366
200.13553100000001,0.0513149239623336,0.2835227346873319,23.23514173103956,3.277422274686276,58.217168037184415
200.163996,0.0511299878501757,0.2834679935070879,23.228880842113828,3.3645623236916915,59.765233329280754
200.192263,0.0509484835911339,0.28341362198399367,23.222663178713926,3.3439072063876223,59.39851910953967
200.22062549999998,0.0507658805278471,0.2833590556157348,23.216424182312366,3.3400930571768166,59.3309538138585
200.249209,0.0505829311965902,0.2833040527503833,23.210136239264678,3.2808289932570127,58.27841500642582
200.27748350000002,0.0503972607242925,0.28324963329620906,23.20391594171045,3.440182728216311,61.10925767488617
200.3057655,0.050218083136972,0.2831951882536755,23.197693664484227,3.2807486901069236,58.27735349895906
200.3341165,0.0500320968714441,0.2831405991691492,23.191455874261877,3.4137241304143235,60.63964399293411
200.36253599999998,0.0498518158994219,0.28308586690751386,23.18520267715297,3.253409421699299,57.792077707367575
200.39094749999998,0.049664723455159,0.28303113874553965,23.178950903044022,3.4117511563545584,60.60497868697333
200.4190505,0.0494843319413343,0.2829769936990575,23.172766679253638,3.3442837267522796,59.40669936049993
200.44738999999998,0.0493010122429812,0.2829223817628241,23.16653007527265,3.3423612528139977,59.37273571046401
200.4760115,0.0491173442136144,0.2828672149294088,23.16023106723808,3.270579658439328,58.097812651935705
200.504702,0.0489301508276386,0.28281190351994934,23.153916524221042,3.3364976893923535,59.26895371691005
200.5330985,0.0487453674089756,0.2827571474687755,23.147666342133522,3.37560039891517,59.96375618369661
200.561064,0.0485617651743231,0.2827032113675797,23.141510686933557,3.4863505834009483,61.93130117151176
200.5894835,0.0483823595540513,0.2826483883172999,23.135254754037774,3.247334796362621,57.68562244922244
200.6183915,0.048192641553543,0.28259261117978207,23.12889093018825,3.3372922144567667,59.28381531615069
200.64683000000002,0.0480066693501288,0.28253772835973573,23.122630108195548,3.392424893921242,60.263385062916996
200.6748295,0.0478228298107175,0.2824836815298854,23.11646558877168,3.4762166443961835,61.752062318884924
200.7031155,0.0476423506106159,0.2824290703489807,23.11023764332183,3.304010844197366,58.69315561507354
200.732031,0.0474545620925429,0.28237323202218284,23.103870732291657,3.279828054398614,58.263754495119024
200.760218,0.0472656622997514,0.28231878900856106,23.097663874405953,3.528670282863381,62.68445158512827
200.78831350000002,0.047087146584942,0.28226451142896175,23.09147681441629,3.3024443837425665,58.66588397018853
200.8169465,0.0468992162909145,0.28220918383384436,23.08517102698461,3.354185385756133,59.58522052597758
200.8454115,0.0467134700011688,0.2821541692202932,23.07890187443389,3.3521792208179533,59.54977057117476
200.8737055,0.046527507522154,0.2820994735774457,23.072670022474146,3.4070115376397725,60.524029393147785
200.9020295,0.0463437733817806,0.2820447084183113,23.066431201371554,3.3419819805779447,59.36899554006128
200.930563,0.0461571958515626,0.2819895265120813,23.06014586724053,3.343610602782786,59.3981159020759
200.9591545,0.0459704990859481,0.28193422066855317,23.053847385680385,3.329462360326992,59.14696529431453
200.9875245,0.0457829363524004,0.28187933162148027,23.047597330012348,3.417307074984775,60.707693681536604
201.01583699999998,0.0455989162038042,0.2818245422260095,23.041359574145712,3.3493102096709197,59.499932128131604
201.04402399999998,0.0454118817670268,0.28176998416943694,23.035149101803537,3.454236526133173,61.36412304395687
201.0722415,0.0452292871740419,0.28171535554406135,23.02893154172498,3.331865852017934,59.190407776728854
201.1007295,0.0450416283433311,0.2816601915120675,23.022654003931496,3.36229538241806,59.7311761785877
201.12909150000002,0.0448552611367064,0.28160525974850253,23.01640385573957,3.3682281351427883,59.83676058467285
201.157618,0.0446690311837151,0.28154999756989557,23.01011707724839,3.316026174806008,58.90957709495976
201.1857475,0.0444802752881693,0.28149549285420133,23.003917417111094,3.5022784486571052,62.21856469186284
201.213915,0.0442990439506465,0.2814409029356874,22.99770900827547,3.310223464720399,58.80686029935252
201.2425825,0.0441095613080248,0.28138533208664857,22.991390008880785,3.3459062257114796,59.440962518300516
201.271288,0.0439215238048368,0.28132967552299376,22.985062242307787,3.2975028465559033,58.58125044059899
201.29954750000002,0.0437313082632663,0.28127487190239076,22.97883240706864,3.483049043501501,61.877736266000085
201.3279555,0.0435489242817991,0.2812197684810665,22.972569449599295,3.2509183732446982,57.75402664546958
201.35654649999998,0.0433565186164516,0.28116429811458055,22.966265755596602,3.421221190298225,60.77972667899917
201.3846535,0.0431714957766821,0.28110975504401964,22.96006838874006,3.39197321451056,60.260310622113366
201.4129665,0.0429852517429761,0.28105480044655085,22.953825213814625,3.3514002920535235,59.5396980404257
201.4415845,0.0427972818102158,0.28099924182933705,22.947514388737385,3.293493283076716,58.51113119849456
201.4701565,0.0426067756576519,0.2809437604388282,22.94121330892511,3.3608573674306568,59.708090156072785
201.498202,0.0424191840969993,0.28088928965883275,22.93502795109772,3.4538082883203085,61.3596235075682
201.5263045,0.0422354200770587,0.28083469647691167,22.9288296342198,3.3453683656469546,59.4332895196728
201.55452150000002,0.0420468468911997,0.2807798690673941,22.922605671012963,3.4257833355611074,60.86212118008367
201.583208,0.041861342053177,0.2807241172575193,22.916277743610145,3.2179381144365893,57.16974726389922
201.61183,0.0416663081210904,0.28066847859421706,22.909963636448513,3.4558114337221486,61.39599067933235
201.6400665,0.0414814309153489,0.2806135773431237,22.903734171252573,3.3341429708250243,59.234614231149465
201.6686955,0.0412912798092679,0.2805579007891371,22.897417705961992,3.3329773505632176,59.21409535518693
201.69727899999998,0.0411009582139221,0.28050230049903196,22.891110868314815,3.348805335337038,59.49548757959643
201.725325,0.0409111777569727,0.2804477338603753,22.88492222720587,3.5053770950355063,62.27736552226291
201.75361099999998,0.0407277777750811,0.2803926883322015,22.878680224083087,3.2797401856368644,58.268830844927855
201.78186649999998,0.0405345700919773,0.2803376901674039,22.872444545474256,3.51604562577828,62.46730053741451
201.80980549999998,0.0403513524940457,0.2802832962569097,22.866278314439956,3.3751398879431442,59.96410733767708
201.8382895,0.0401621303923668,0.28022782920051886,22.859991388615878,3.3428965198326472,59.39144801479725
201.86688800000002,0.0399714173716395,0.2801721268742679,22.85367877114117,3.3392828439870743,59.327435836604614
201.895605,0.0397804327153389,0.28011618131916083,22.84733957240397,3.3059908156435505,58.73614133269956
201.923998,0.0395878997825159,0.2800608547155672,22.841071476082515,3.4374276343566668,61.07151805772884
201.9520325,0.0394010096802192,0.2800062147127743,22.834882112032968,3.412876731812652,60.63552170716124
201.980212,0.0392130361648964,0.2799512800957574,22.828660322416944,3.3887281724529843,60.20667196426738
202.0086235,0.0390239773144037,0.2798958810034911,22.822386888580077,3.3379081160580215,59.3039538899433
202.0369435,0.0388326657280374,0.27984064811562487,22.816133236694533,3.412731598744938,60.63352052509603
202.0655805,0.0386445998058466,0.27978478456543104,22.809809154784233,3.2387796913231153,57.54312641746163
202.0940955,0.038448800614441,0.2797291465868835,22.803511583955224,3.451055531550956,61.31480961547152
202.1221415,0.0382621375447668,0.27967441160739887,22.797317171391118,3.384054970931431,60.12460174428264
202.150553,0.0380723934597116,0.27961895105490975,22.791041605112024,3.344119693680405,59.41526003767195
202.178858,0.0378805907058071,0.2795636861104298,22.784789133705644,3.4258756057979656,60.868017764844055
202.2072475,0.0376920433829185,0.279508243847602,22.778517564963632,3.3237751547771923,59.0541728659749
202.235827,0.0374988666958906,0.27945241803732146,22.77220358491422,3.3684387484919824,59.84791194539794
202.26392950000002,0.0373075275986771,0.2793975117355566,22.765994556873764,3.4715542451726575,61.68018608842525
202.2918875,0.0371205351697586,0.2793428756957933,22.759817030308128,3.4100420464935293,60.587470058684374
202.320555,0.0369309085472533,0.2792868406299621,22.753482293127107,3.249136966728871,57.72879641663023
202.349112,0.0367341178201833,0.27923100894445874,22.74717152760676,3.4405044521588715,61.129100081937345
202.37744400000003,0.0365457443326866,0.2791756047020721,22.740910043231573,3.3107567861111526,58.82399822141765
202.4057945,0.036351745742513,0.27912015184870176,22.734644028846517,3.427231136946711,60.89365491150347
202.4339925,0.0361628881148423,0.2790649849270527,22.72841128042644,3.3490260437975348,59.50432727036243
202.462557,0.0359707100499535,0.2790090884006046,22.722097074201333,3.3079592720596076,58.774856120393004
202.49109099999998,0.0357766598431156,0.2789532389002179,22.715789157889986,3.358204904334337,59.66779751147025
202.5192015,0.035584653352733,0.2788982059269823,22.709574419932775,3.443169146356446,61.17761586511355
202.5472775,0.0353960965391764,0.27884322820620744,22.70336686859089,3.370857116117505,59.892977958940286
202.575533,0.0352043200786021,0.27878788657617726,22.697119183959018,3.3844075292825617,60.133931428502706
202.6039145,0.0350130954331221,0.27873228560375596,22.6908431868753,3.3279205302689543,59.13046319720338
202.63225799999998,0.0348193700364773,0.27867674649866037,22.684575139024876,3.3916216370012453,60.26249638468936
202.66054,0.0346284220226743,0.2786213153581753,22.67832023821897,3.343443918269642,59.40666173202071
202.689131,0.0344352899482268,0.2785652658403191,22.67199653647193,3.296510862399695,58.57293907534024
202.717791,0.0342399017783301,0.278509068167448,22.665657105781584,3.3236878765282496,59.056015520766366
202.7461035,0.0340455867883868,0.2784535391991466,22.65939407886937,3.4060036343119964,60.51881322289859
202.7742905,0.0338546819828506,0.27839824382915623,22.653158356986975,3.366664561157502,59.82001592594579
202.80247,0.0336618331567397,0.27834295064466896,22.64692383710631,3.412435172144618,60.63347616640555
202.8309655,0.0334707922259422,0.2782870246573964,22.640618938032826,3.2731688214176087,58.15912449378134
202.85959450000001,0.033273392215883,0.27823082372593877,22.634284027001105,3.3713186108227453,59.90328735968899
202.887919,0.033080287696233,0.27817520777610466,22.62801602561255,3.3621880226961696,59.74124153806442
202.9162435,0.0328867955444296,0.2781195791018845,22.62174755631126,3.365628624823249,59.80256739233929
202.94420100000002,0.032693448073045,0.278064658712267,22.615559847112493,3.474682037252531,61.7404907464991
202.97252500000002,0.0325047308616938,0.2780090056852908,22.609290554238562,3.2529336263626467,57.80050060939631
203.00102099999998,0.0323061280944184,0.27795300180802873,22.602982713801328,3.420581140575193,60.77957983327331
203.029467,0.0321148179967565,0.27789708328203067,22.596685462859796,3.2694050286549556,58.093550412721996
203.0579625,0.0319166481876313,0.27784105449503943,22.59037677301314,3.405616534956616,60.51406649504045
203.08606550000002,0.0317244169319106,0.2777857847376036,22.584154506886073,3.38956124576508,60.22897305889037
203.1138825,0.0315313795257655,0.27773106499889694,22.577995099953696,3.4973274927202205,62.14406257191187
203.1420695,0.0313428328677468,0.2776756047661442,22.571753293180233,3.2745514029257525,58.185736591295836
203.1709925,0.0311444737215826,0.27761868313341526,22.565348008861417,3.2656921821067506,58.02850640786526
203.1995225,0.0309455741825155,0.27756252176456286,22.559029264833985,3.397075458683049,60.363267771462354
203.228091,0.030752363252026,0.2775062714780214,22.552701501312285,3.2586549502736624,57.90383522237734
203.256373,0.0305526799299354,0.27745057233923026,22.54643670885152,3.4956345956278745,62.11498333384558
203.2844225,0.0303631669208414,0.2773953183374535,22.54022293767773,3.3346134366690934,59.25393815950626
203.3130365,0.0301664340916727,0.2773389392371995,22.53388361925832,3.3226745765132844,59.04198369887235
203.34173800000002,0.0299688996523166,0.27728237441927955,22.527524412523107,3.311873326415277,58.850243222011414
203.36976850000002,0.0297707069948426,0.2772271191184693,22.52131338715358,3.5393006398233124,62.89170652591234
203.3976465,0.0295821812549961,0.2771721517860363,22.515135673318596,3.3617083948958384,59.736164733386246
203.4258715,0.0293858455618361,0.277116487402851,22.508880576210117,3.4299082582790708,60.94824312240755
203.45405799999997,0.0291922870878626,0.2770608860102847,22.50263351907692,3.3781337695964995,60.028420898077215
203.48279,0.028996234531927,0.27700419522615527,22.496265053358652,3.2679762480723706,58.071144180338
203.5114155,0.0287948805115042,0.27694770118015355,22.489919682031847,3.421939221983206,60.80722636472785
203.539694,0.0286000490650852,0.27689187881168215,22.483650726924264,3.387998616948863,60.2043013468025
203.5683005,0.0284032439299615,0.27683539565145204,22.477308548757694,3.3345787077777245,59.25522885860457
203.596388,0.0282036154918039,0.2767799242051288,22.47108093447262,3.5683278070329503,63.40913615013548
203.6244375,0.0280137576983758,0.27672451489047745,22.464861249172102,3.353293694073541,59.58817276875008
203.653124,0.0278144035189879,0.2766678338697923,22.458499801052245,3.365144967696156,59.79896530731346
203.68148250000002,0.0276154547772509,0.27661178763135763,22.452210576297727,3.4552783986827547,61.400843339101584
203.7100015,0.0274204018904529,0.27655541082945867,22.4458852404948,3.312978640270085,58.87234498485603
203.73846300000002,0.0272189648791463,0.27649913431946943,22.439572140332317,3.4685508863345205,61.63709680468568
203.7665885,0.0270244603693323,0.2764435090339359,22.433333059599704,3.4109526580465297,60.61375442450511
203.7947715,0.0268274437129672,0.2763877569045665,22.42708071422403,3.4433122765141086,61.18899168105609
203.82338950000002,0.0266318895440158,0.2763311307900171,22.420731341567123,3.2694389314517585,58.09938422363324
203.851912,0.0264285536878943,0.2762746801266373,22.414402630867176,3.4669142829304436,61.6088090425106
203.879904,0.0262340780791835,0.2762192662744053,22.408191117731583,3.4281134657636545,60.9194931290199
203.908041,0.0260378871860038,0.27616355224551503,22.401946915645436,3.416767446183555,60.71806252868166
203.9364835,0.0258411376528488,0.2761072198995941,22.39563439232091,3.328860323941309,59.15609041891557
203.9653495,0.0256404235573536,0.27605003499235736,22.38922733697704,3.279786210135173,58.28420200111495
203.99388,0.0254374932709675,0.27599350105718523,22.382894212100055,3.4246955195627042,60.85954434626095
204.02196750000002,0.025241212575454,0.2759378316458047,22.37665890053327,3.4062698200928856,60.532298872178046
204.05015400000002,0.0250442248689719,0.2758819527406408,22.370401088539275,3.3826816523541883,60.11331029999769
204.07829900000002,0.0248463045527665,0.27582614282055945,22.3641519660489,3.409464467741802,60.589459566384015
204.10658899999999,0.0246496453727886,0.27577003197556565,22.357870119465357,3.3298706855123505,59.175192493709005
204.1350425,0.0244494349410273,0.2757135832746234,22.351551430602736,3.3519386640269113,59.56755627853394
204.163271,0.0242502246040936,0.2756575674861552,22.345282174134432,3.394850487111342,60.33033985271315
204.191504,0.0240529159652842,0.27560152933691967,22.339011385211414,3.345018975858922,59.44496896884833
204.219664,0.023853384729243,0.275545622683538,22.33275627766293,3.4126523741751904,60.64708991403423
204.2479915,0.0236568481307136,0.2754893699707077,22.32646342563362,3.2893422552193785,58.455904341119904
204.27640350000001,0.02345470021096,0.27543293582085326,22.32015125853262,3.382468939013752,60.1110820869978
204.3045485,0.0232567172469027,0.27537701852406904,22.3138978712421,3.3695253880971103,59.88125007218048
204.33275049999997,0.0230580706173608,0.27532097450374354,22.307631280428563,3.3625099546481163,59.75676841629792
204.3611965,0.0228590272132017,0.27526443191218675,22.301309923783744,3.292167856698996,58.506875644198445
204.389288,0.0226566776487026,0.2752085804595302,22.295066803459736,3.475709067882643,61.76888302191065
204.41754,0.0224623823520219,0.27515239634594657,22.288787468740626,3.2420657820314465,57.61685602553514
204.4460205,0.0222575017736199,0.27509574404213955,22.282456792998023,3.3989897133220635,60.405849854711555
204.474413,0.0220597207945686,0.27503925299730736,22.276145122526955,3.2677379009594074,58.07346970219942
204.5029735,0.0218558168798377,0.274982413784993,22.26979554444086,3.3488959977807866,59.51598681614366
204.5308895,0.0216553968188101,0.27492684371667175,22.263588706391555,3.4779857253373367,61.810344086703736
204.5592825,0.021460359908105,0.2748703104187772,22.257275257663185,3.211423502496549,57.07321782639695
204.5876985,0.0212529152383298,0.27481371746919786,22.250956133147834,3.4765004579385352,61.78434995012442
204.6155495,0.0210572957494575,0.27475823629746976,22.24476210621073,3.388820402725455,60.22629253163017
204.64389649999998,0.0208576030398638,0.27470175334828806,22.2384572123072,3.3233213396507817,59.062431577568844
204.672465,0.0206546819716842,0.27464481503600613,22.232102482443295,3.3230516132350165,59.05783130381142
204.700671,0.020451576804886,0.27458858538415665,22.225827823271292,3.439596151953174,61.12927804057451
204.72848,0.0202535456469783,0.27453313370633775,22.219640930697263,3.4481893521587104,61.282193707609366
204.75616300000002,0.0200558280020289,0.2744779199842986,22.213481527138487,3.476619436234677,61.787657322105424
204.7846055,0.0198593365103254,0.2744211776109009,22.2071525705611,3.2093368643517315,57.037607065067164
204.8131735,0.0196505350104412,0.2743641707389995,22.200795108969082,3.433570199417596,61.02297079524709
204.8415015,0.0194519929677775,0.2743076287827303,22.194490481856,3.2812081889666964,58.315313438374744
204.870005,0.0192463405641475,0.27425072244399173,22.188146216698513,3.380213114983098,60.075076268992284
204.8982945,0.0190450292254565,0.2741942293572709,22.181849007418,3.350018268244938,59.53862960181083
204.9265995,0.0188421631500331,0.27413769134821164,22.175547772083743,3.3772067760283533,60.02203594871918
204.9547485,0.0186403645004051,0.274081451066218,22.169280692622973,3.400421167944759,60.43481345910533
204.98298499999999,0.0184394636853096,0.27402502204295354,22.162993556865363,3.3498293456262656,59.53585112253248
205.0112825,0.018236146360823,0.27396845710881856,22.156692259204664,3.381857789077309,60.10528174655805
205.039359,0.0180341060807569,0.2739123200645244,22.150439598876858,3.423252205237525,60.84117523021867
205.068034,0.0178336897053794,0.2738549720755242,22.1440530592898,3.203575908440323,56.93707449778106
205.09672799999998,0.0176227935092947,0.27379757161889134,22.137661686733352,3.420820046557147,60.7983497683614
205.124911,0.017421835141594,0.2737411792760045,22.131383548521917,3.3616151116691855,59.74629217082941
205.152846,0.0172179998439516,0.273685269349468,22.125160079957478,3.5060952386815125,62.31435095279534
205.1809565,0.0170203426261082,0.27362899426970333,22.11889693277453,3.310968671966654,58.84652791430552
205.209544,0.0168137144650421,0.27357174995063466,22.11252690949657,3.3544551341560007,59.61961796999573
205.2378605,0.0166089271204122,0.27351503403254973,22.106216675542075,3.397529769180765,60.38539174136675
205.266169,0.0164059267304546,0.27345831993696973,22.099907629502432,3.358543597766222,59.6926725792388
205.2940845,0.0162009821043648,0.27340237926656863,22.093685586440106,3.5296984735421324,62.73487503285684
205.32244300000002,0.0160033822175407,0.2733455366809723,22.087364208469655,3.2287176360929,57.385598474729136
205.351252,0.0157917715882212,0.27328777645249075,22.08094179379903,3.3865213873561264,60.19052261298639
205.379233,0.0155873984138182,0.27323166216031275,22.074703369977133,3.49053206188202,62.039362149131236
205.407496,0.0153874723162267,0.27317496815802217,22.068401475986473,3.3003552100983917,58.6594237848739
205.4358545,0.015178749279259,0.27311806825073176,22.0620776827725,3.4585505276025015,61.47133620612489
205.463988,0.0149771737772126,0.2730616055850585,22.055803462699,3.3666947660567197,59.838911125626794
205.49248,0.0147714308516534,0.2730044089824785,22.049448680072786,3.339738879793291,59.35999816712762
205.520762,0.0145643899546614,0.27294761955335173,22.043140125325834,3.428921815452322,60.94532073300727
205.548838,0.0143614162089717,0.2728912295636615,22.03687691808171,3.397589209927913,60.388613835861484
205.5771545,0.0141570885744697,0.2728343421836775,22.03055945023683,3.3451965587086563,59.45758341032922
205.6055625,0.0139503512577515,0.272777256479989,22.024220951660276,3.3645688750549216,59.80210356311598
205.6343255,0.0137444192776805,0.2727194425879656,22.017802613014833,3.2351016036896723,57.50113352770283
205.6629895,0.0135322394441114,0.27266181283414054,22.011405732362416,3.395908869309463,60.359543591570564
205.690886,0.0133274673381935,0.2726057119044095,22.00517952424225,3.4773385829454604,61.80709046681467
205.71925199999998,0.0131261779278503,0.27254865235422693,21.998847911338125,3.248817395428483,57.74548682781977
205.7479045,0.0129142910561879,0.2724910016966948,21.99245171488913,3.379807663156517,60.07394752132655
205.77603,0.0127085513212878,0.2724343969122627,21.98617254167174,3.4080404221891234,60.57596410649594
205.80442649999998,0.0125040672431806,0.27237723214179194,21.97983224066983,3.2906469677877763,58.48955498561305
205.83314000000001,0.0122940938789336,0.2723194143083624,21.97342051996137,3.3051263490079337,58.747113790233065
205.8615365,0.0120847000259999,0.27226222002229666,21.96707895005196,3.39008827798638,60.25747145765452
205.88971149999998,0.0118790752432396,0.272205457333238,21.960786220079104,3.3778673428681585,60.04044511089155
205.917826,0.0116726392126165,0.2721488020819642,21.954506379406876,3.4176159751275077,60.747161400134104
205.945868,0.0114676237072785,0.27209227853421675,21.948242111306566,3.4127533473731075,60.66092666750612
205.97434099999998,0.0112619727195577,0.2720348715013803,21.941880925970118,3.2914166602280917,58.50438728918379
206.002917,0.0110503618456281,0.2719772418590253,21.935496082658368,3.3830476437699537,60.13331209533437
206.0314965,0.010842919115849,0.27191959016704637,21.929109807784954,3.28574193228083,58.40390697978716
206.0600265,0.0106309672123797,0.2718620233556781,21.92273394448509,3.389342642650374,60.245604059200915
206.088076,0.0104239677079907,0.2718054114770133,21.91646482873694,3.430706414820377,60.98104403313375
206.1161065,0.0102187913517802,0.27174882346277385,21.9101993297651,3.395025365704134,60.34700722078433
206.1447245,0.0100117927483062,0.27169103444688486,21.903801859165693,3.2505243584706496,57.77867539765651
206.17312099999998,0.0097976895382036,0.27163367775592334,21.897453252425432,3.4716325543110083,61.7091181893768
206.2012465,0.0095936699286568,0.2715768537407146,21.89116459156223,3.335217188351786,59.2844953294885
206.229605,0.0093832701285523,0.271519544143614,21.884823185489335,3.392894985285544,60.309934317496825
206.2580855,0.0091755365496152,0.2714619729853341,21.87845384173859,3.292708604371068,58.52927889398393
206.286505,0.0089630480849061,0.27140451011865163,21.87209748248082,3.4094733150169976,60.60502087423488
206.3149095,0.0087559306366458,0.2713470625744415,21.865743820292767,3.2948456740080516,58.56765307049729
206.343352,0.0085433727106334,0.271289523123435,21.85938099745214,3.3936494791821064,60.32414334715828
206.3718705,0.0083354091265406,0.2712318147809622,21.853000507442978,3.2679314776030983,58.08962359334465
206.400206,0.0081214340168088,0.27117446170956455,21.84666029887964,3.450208081954334,61.329911881132105
206.42859900000002,0.0079158950374745,0.27111697720040934,21.840306561476794,3.2485537364171213,57.74555273358997
206.4567705,0.0077007742299851,0.27105992622815095,21.8340017335241,3.5251220096892855,62.661972983627884
206.484709,0.0074982389291856,0.27100333242230557,21.827748403029876,3.322317285327248,59.05714260545384
206.51331549999998,0.0072862837438354,0.2709453703014307,21.82134488695568,3.3089696730765965,58.82007291043739
206.541632,0.0070735504753488,0.2708879806322366,21.815005617055675,3.4137585299246,60.68299436831656
206.56973449999998,0.0068656124977358,0.2708310097671464,21.808713595283745,3.3748793903506784,59.992074985541464
206.597994,0.0066557704809247,0.2707737056215438,21.8023857568526,3.362650134522628,59.77488383509621
206.626551,0.0064452115427657,0.2707157829085763,21.795990623406635,3.2811896816101833,58.32702696827276
206.6551,0.006230649514526,0.2706578610267284,21.78959659747535,3.364676300258228,59.81129948405416
206.683302,0.0060199174400766,0.2706006280254003,21.78327961487362,3.3906511587331196,60.273233136550324
206.7116455,0.0058102337623886,0.2705430926908032,21.776930261943942,3.3197221329291917,59.012572640566106
206.73987449999998,0.0055971000019341,0.2704857746439783,21.7706058838168,3.4263295440049553,60.9078649309774
206.768393,0.0053888371375487,0.27042785341533276,21.764215961086084,3.2295646890223577,57.410281831094814
206.796866,0.0051710823899902,0.2703700091743598,21.75783554420394,3.4400845238982476,61.152786122825894
206.824904,0.0049632103391192,0.2703130335775265,21.751551930643434,3.362283362770225,59.76994673134194
206.853285,0.004751664493151,0.2702553457174435,21.745190764057725,3.3263233229069997,59.13089576899598
206.8820515,0.0045383697085286,0.2701968585960404,21.738742490591054,3.2390911191680227,57.58039272006766
206.9107535,0.0043207516229202,0.270138486855376,21.732307968388426,3.3447847068780643,59.459476776020594
206.9389865,0.0041081241523515,0.2700810535507504,21.725977897744404,3.388012209427766,60.22812108102069
206.967177,0.0038972404410592,0.27002369146651417,21.71965667095526,3.368169387456027,59.875576001794386
206.9954435,0.0036849572377312,0.26996615943182334,21.713317713642148,3.3757313513991676,60.01020264795306
207.02394299999997,0.0034726396266123,0.2699081376259962,21.70692580451039,3.3016812470156403,58.6940134958334
207.05230899999998,0.0032565571572694,0.2698503721008485,21.700563137414488,3.4200681901060936,60.79878098315001
207.0805,0.0030459519882415,0.2697929476009956,21.69423903082565,3.354907054703272,59.64060397419336
207.1087175,0.002832204431921,0.26973545377651326,21.68790828597663,3.4096769416947015,60.61445544142201
207.1369005,0.0026209079006979,0.26967801490323356,21.681584587233747,3.3639224410410504,59.80126668224658
207.16521699999998,0.0024073839957456,0.2696202884849428,21.675230233497096,3.363157560167724,59.787867584450424
207.1936475,0.0021937791511487,0.26956231405140507,21.668849589824024,3.3200584261270194,59.021877937672706
207.2220405,0.0019782353650307,0.26950440045271223,21.66247665279282,3.3606956362561275,59.74449917432771
207.249934,0.0017648979510389,0.2694474904580429,21.656215138807756,3.4641702528849816,61.58421237893347
207.27785749999998,0.0015566077687686,0.26939050411401794,21.64994620192669,3.334055030018197,59.27128593234892
207.3062995,0.0013425224716266,0.2693324440198687,21.64356014992648,3.2813633982847357,58.33475318057896
207.335104,0.0011260911833873,0.26927362787575554,21.63709197442073,3.208643755698434,57.042165579661344
207.3632945,0.0009062100742528,0.2692160497940842,21.630760960617597,3.470188843891367,61.69202840279963
207.3911995,0.0006987839096522,0.2691590395505983,21.62449336646651,3.292075872434606,58.5257785247723
